[08:41:50] 시도 #1 시작...
[08:43:27] 실패. 5분 후 재시도합니다...
----- 마지막 응답 (요약) -----
    "resources": [
      {
        "action-type": "FAILED",
        "entity-type": "nodepool",
        "entity-uri": null,
        "identifier": "ocid1.nodepool.oc1.ap-chuncheon-1.aaaaaaaaeo677nmgwt2kgw2qmqvpjxg6ctaqiifb5onxcpdhznclhwqiejrq"
      },
      {
        "action-type": "RELATED",
        "entity-type": "cluster",
        "entity-uri": null,
        "identifier": "ocid1.cluster.oc1.ap-chuncheon-1.aaaaaaaa55n4r2psb7y2j46agsng53p3jtatmfrjqhlt7d2enc5pqnu4mrba"
      }
    ],
    "status": "FAILED",
    "time-accepted": "2026-05-05T15:41:52+00:00",
    "time-finished": "2026-05-05T15:43:09+00:00",
    "time-started": "2026-05-05T15:42:04+00:00"
  }
}
------------------------------
[08:48:27] 시도 #2 시작...
[08:50:04] 실패. 5분 후 재시도합니다...
----- 마지막 응답 (요약) -----
    "resources": [
      {
        "action-type": "FAILED",
        "entity-type": "nodepool",
        "entity-uri": null,
        "identifier": "ocid1.nodepool.oc1.ap-chuncheon-1.aaaaaaaam62e5oxlo4lkwfaqfrtfcdt5fupvev3zcrn2vugopnvx7p6vtuga"
      },
      {
        "action-type": "RELATED",
        "entity-type": "cluster",
        "entity-uri": null,
        "identifier": "ocid1.cluster.oc1.ap-chuncheon-1.aaaaaaaa55n4r2psb7y2j46agsng53p3jtatmfrjqhlt7d2enc5pqnu4mrba"
      }
    ],
    "status": "FAILED",
    "time-accepted": "2026-05-05T15:48:30+00:00",
    "time-finished": "2026-05-05T15:49:48+00:00",
    "time-started": "2026-05-05T15:48:42+00:00"
  }
}
------------------------------
[08:55:04] 시도 #3 시작...
[08:56:42] 실패. 5분 후 재시도합니다...
----- 마지막 응답 (요약) -----
    "resources": [
      {
        "action-type": "FAILED",
        "entity-type": "nodepool",
        "entity-uri": null,
        "identifier": "ocid1.nodepool.oc1.ap-chuncheon-1.aaaaaaaaubbrmsw4dymwnt35ucihklhydq7egn4hidhouqoyfn6znyd4gjqa"
      },
      {
        "action-type": "RELATED",
        "entity-type": "cluster",
        "entity-uri": null,
        "identifier": "ocid1.cluster.oc1.ap-chuncheon-1.aaaaaaaa55n4r2psb7y2j46agsng53p3jtatmfrjqhlt7d2enc5pqnu4mrba"
      }
    ],
    "status": "FAILED",
    "time-accepted": "2026-05-05T15:55:06+00:00",
    "time-finished": "2026-05-05T15:56:23+00:00",
    "time-started": "2026-05-05T15:55:18+00:00"
  }
}
------------------------------
[09:01:42] 시도 #4 시작...
[09:03:20] 실패. 5분 후 재시도합니다...
----- 마지막 응답 (요약) -----
    "resources": [
      {
        "action-type": "FAILED",
        "entity-type": "nodepool",
        "entity-uri": null,
        "identifier": "ocid1.nodepool.oc1.ap-chuncheon-1.aaaaaaaa5xvehsipdzyrtizr72bwogqvl5ekc2qljnv56wx63nkgduxechma"
      },
      {
        "action-type": "RELATED",
        "entity-type": "cluster",
        "entity-uri": null,
        "identifier": "ocid1.cluster.oc1.ap-chuncheon-1.aaaaaaaa55n4r2psb7y2j46agsng53p3jtatmfrjqhlt7d2enc5pqnu4mrba"
      }
    ],
    "status": "FAILED",
    "time-accepted": "2026-05-05T16:01:44+00:00",
    "time-finished": "2026-05-05T16:03:03+00:00",
    "time-started": "2026-05-05T16:01:58+00:00"
  }
}
------------------------------
[09:08:20] 시도 #5 시작...
[09:09:57] 실패. 5분 후 재시도합니다...
----- 마지막 응답 (요약) -----
    "resources": [
      {
        "action-type": "FAILED",
        "entity-type": "nodepool",
        "entity-uri": null,
        "identifier": "ocid1.nodepool.oc1.ap-chuncheon-1.aaaaaaaaxhuaqt3a7v7vqyado7efe3sew4qpmmfooggbwqtovn6wo7elsyzq"
      },
      {
        "action-type": "RELATED",
        "entity-type": "cluster",
        "entity-uri": null,
        "identifier": "ocid1.cluster.oc1.ap-chuncheon-1.aaaaaaaa55n4r2psb7y2j46agsng53p3jtatmfrjqhlt7d2enc5pqnu4mrba"
      }
    ],
    "status": "FAILED",
    "time-accepted": "2026-05-05T16:08:22+00:00",
    "time-finished": "2026-05-05T16:09:42+00:00",
    "time-started": "2026-05-05T16:08:38+00:00"
  }
}
------------------------------
[09:14:57] 시도 #6 시작...
[09:16:37] 실패. 5분 후 재시도합니다...
----- 마지막 응답 (요약) -----
    "resources": [
      {
        "action-type": "FAILED",
        "entity-type": "nodepool",
        "entity-uri": null,
        "identifier": "ocid1.nodepool.oc1.ap-chuncheon-1.aaaaaaaauwwnj4r6b6i2jeycm2ppf26gtmxjuh6vzlp7yz23fnwteqpzjdka"
      },
      {
        "action-type": "RELATED",
        "entity-type": "cluster",
        "entity-uri": null,
        "identifier": "ocid1.cluster.oc1.ap-chuncheon-1.aaaaaaaa55n4r2psb7y2j46agsng53p3jtatmfrjqhlt7d2enc5pqnu4mrba"
      }
    ],
    "status": "FAILED",
    "time-accepted": "2026-05-05T16:14:59+00:00",
    "time-finished": "2026-05-05T16:16:22+00:00",
    "time-started": "2026-05-05T16:15:17+00:00"
  }
}
------------------------------
[09:21:37] 시도 #7 시작...
[09:23:15] 실패. 5분 후 재시도합니다...
----- 마지막 응답 (요약) -----
    "resources": [
      {
        "action-type": "FAILED",
        "entity-type": "nodepool",
        "entity-uri": null,
        "identifier": "ocid1.nodepool.oc1.ap-chuncheon-1.aaaaaaaatf7rhjtu5wbm3ug2ea6tbo7dtdcbuccmb66t434mpntwir5g4mda"
      },
      {
        "action-type": "RELATED",
        "entity-type": "cluster",
        "entity-uri": null,
        "identifier": "ocid1.cluster.oc1.ap-chuncheon-1.aaaaaaaa55n4r2psb7y2j46agsng53p3jtatmfrjqhlt7d2enc5pqnu4mrba"
      }
    ],
    "status": "FAILED",
    "time-accepted": "2026-05-05T16:21:39+00:00",
    "time-finished": "2026-05-05T16:22:58+00:00",
    "time-started": "2026-05-05T16:21:53+00:00"
  }
}
------------------------------
[09:28:15] 시도 #8 시작...
[09:29:53] 실패. 5분 후 재시도합니다...
----- 마지막 응답 (요약) -----
    "resources": [
      {
        "action-type": "FAILED",
        "entity-type": "nodepool",
        "entity-uri": null,
        "identifier": "ocid1.nodepool.oc1.ap-chuncheon-1.aaaaaaaaaagrdw62mhvbtbdhfa75c4wxozapnnl34uyepwbdcnqlvgjz4fxq"
      },
      {
        "action-type": "RELATED",
        "entity-type": "cluster",
        "entity-uri": null,
        "identifier": "ocid1.cluster.oc1.ap-chuncheon-1.aaaaaaaa55n4r2psb7y2j46agsng53p3jtatmfrjqhlt7d2enc5pqnu4mrba"
      }
    ],
    "status": "FAILED",
    "time-accepted": "2026-05-05T16:28:18+00:00",
    "time-finished": "2026-05-05T16:29:37+00:00",
    "time-started": "2026-05-05T16:28:32+00:00"
  }
}
------------------------------
[09:34:53] 시도 #9 시작...
[09:36:31] 실패. 5분 후 재시도합니다...
----- 마지막 응답 (요약) -----
    "resources": [
      {
        "action-type": "FAILED",
        "entity-type": "nodepool",
        "entity-uri": null,
        "identifier": "ocid1.nodepool.oc1.ap-chuncheon-1.aaaaaaaainjj4q77v2qh3x35whgt5i2zir5sahjljovqzhk6ony7ussn5pya"
      },
      {
        "action-type": "RELATED",
        "entity-type": "cluster",
        "entity-uri": null,
        "identifier": "ocid1.cluster.oc1.ap-chuncheon-1.aaaaaaaa55n4r2psb7y2j46agsng53p3jtatmfrjqhlt7d2enc5pqnu4mrba"
      }
    ],
    "status": "FAILED",
    "time-accepted": "2026-05-05T16:34:55+00:00",
    "time-finished": "2026-05-05T16:36:16+00:00",
    "time-started": "2026-05-05T16:35:11+00:00"
  }
}
------------------------------
[09:41:31] 시도 #10 시작...
[09:43:11] 실패. 5분 후 재시도합니다...
----- 마지막 응답 (요약) -----
    "resources": [
      {
        "action-type": "FAILED",
        "entity-type": "nodepool",
        "entity-uri": null,
        "identifier": "ocid1.nodepool.oc1.ap-chuncheon-1.aaaaaaaag2qiznkl2th4llun2bpzqkionlt6uzps4u7u4ebranrsnt4ps26q"
      },
      {
        "action-type": "RELATED",
        "entity-type": "cluster",
        "entity-uri": null,
        "identifier": "ocid1.cluster.oc1.ap-chuncheon-1.aaaaaaaa55n4r2psb7y2j46agsng53p3jtatmfrjqhlt7d2enc5pqnu4mrba"
      }
    ],
    "status": "FAILED",
    "time-accepted": "2026-05-05T16:41:33+00:00",
    "time-finished": "2026-05-05T16:42:51+00:00",
    "time-started": "2026-05-05T16:41:46+00:00"
  }
}
------------------------------
[09:48:11] 시도 #11 시작...
[09:49:50] 실패. 5분 후 재시도합니다...
----- 마지막 응답 (요약) -----
    "resources": [
      {
        "action-type": "FAILED",
        "entity-type": "nodepool",
        "entity-uri": null,
        "identifier": "ocid1.nodepool.oc1.ap-chuncheon-1.aaaaaaaaw3d75tof5x44q7mnbifpwudyskr7qgbwytwocodvenkhydbqjykq"
      },
      {
        "action-type": "RELATED",
        "entity-type": "cluster",
        "entity-uri": null,
        "identifier": "ocid1.cluster.oc1.ap-chuncheon-1.aaaaaaaa55n4r2psb7y2j46agsng53p3jtatmfrjqhlt7d2enc5pqnu4mrba"
      }
    ],
    "status": "FAILED",
    "time-accepted": "2026-05-05T16:48:13+00:00",
    "time-finished": "2026-05-05T16:49:30+00:00",
    "time-started": "2026-05-05T16:48:25+00:00"
  }
}
------------------------------
[09:54:50] 시도 #12 시작...
[09:56:30] 실패. 5분 후 재시도합니다...
----- 마지막 응답 (요약) -----
    "resources": [
      {
        "action-type": "FAILED",
        "entity-type": "nodepool",
        "entity-uri": null,
        "identifier": "ocid1.nodepool.oc1.ap-chuncheon-1.aaaaaaaa3stwkcklzereqvdepvctrkkqomsh4uj7qlubio2aynlt4hsdmmjq"
      },
      {
        "action-type": "RELATED",
        "entity-type": "cluster",
        "entity-uri": null,
        "identifier": "ocid1.cluster.oc1.ap-chuncheon-1.aaaaaaaa55n4r2psb7y2j46agsng53p3jtatmfrjqhlt7d2enc5pqnu4mrba"
      }
    ],
    "status": "FAILED",
    "time-accepted": "2026-05-05T16:54:52+00:00",
    "time-finished": "2026-05-05T16:56:08+00:00",
    "time-started": "2026-05-05T16:55:01+00:00"
  }
}
------------------------------
[10:01:30] 시도 #13 시작...
[10:03:09] 실패. 5분 후 재시도합니다...
----- 마지막 응답 (요약) -----
    "resources": [
      {
        "action-type": "FAILED",
        "entity-type": "nodepool",
        "entity-uri": null,
        "identifier": "ocid1.nodepool.oc1.ap-chuncheon-1.aaaaaaaaegkideuzfqjwchnvu6zwmwaj4ze7cjw7bf4ysyqeun52gq3snawa"
      },
      {
        "action-type": "RELATED",
        "entity-type": "cluster",
        "entity-uri": null,
        "identifier": "ocid1.cluster.oc1.ap-chuncheon-1.aaaaaaaa55n4r2psb7y2j46agsng53p3jtatmfrjqhlt7d2enc5pqnu4mrba"
      }
    ],
    "status": "FAILED",
    "time-accepted": "2026-05-05T17:01:33+00:00",
    "time-finished": "2026-05-05T17:02:44+00:00",
    "time-started": "2026-05-05T17:01:39+00:00"
  }
}
------------------------------
[10:08:09] 시도 #14 시작...
[10:09:46] 실패. 5분 후 재시도합니다...
----- 마지막 응답 (요약) -----
    "resources": [
      {
        "action-type": "FAILED",
        "entity-type": "nodepool",
        "entity-uri": null,
        "identifier": "ocid1.nodepool.oc1.ap-chuncheon-1.aaaaaaaajzdybe53kyonf5x3ifavkwnlbckr4iswyxfspsigunsgvhjtkkua"
      },
      {
        "action-type": "RELATED",
        "entity-type": "cluster",
        "entity-uri": null,
        "identifier": "ocid1.cluster.oc1.ap-chuncheon-1.aaaaaaaa55n4r2psb7y2j46agsng53p3jtatmfrjqhlt7d2enc5pqnu4mrba"
      }
    ],
    "status": "FAILED",
    "time-accepted": "2026-05-05T17:08:11+00:00",
    "time-finished": "2026-05-05T17:09:21+00:00",
    "time-started": "2026-05-05T17:08:17+00:00"
  }
}
------------------------------
[10:14:46] 시도 #15 시작...
[10:15:05] 실패. 5분 후 재시도합니다...
----- 마지막 응답 (요약) -----
    "resources": [
      {
        "action-type": "FAILED",
        "entity-type": "nodepool",
        "entity-uri": null,
        "identifier": "ocid1.nodepool.oc1.ap-chuncheon-1.aaaaaaaa6nlap3fersczxl7s3w2tsc2vn7q2klpa4syivul4mnh4kirrsvcq"
      },
      {
        "action-type": "RELATED",
        "entity-type": "cluster",
        "entity-uri": null,
        "identifier": "ocid1.cluster.oc1.ap-chuncheon-1.aaaaaaaa55n4r2psb7y2j46agsng53p3jtatmfrjqhlt7d2enc5pqnu4mrba"
      }
    ],
    "status": "FAILED",
    "time-accepted": "2026-05-05T17:14:48+00:00",
    "time-finished": "2026-05-05T17:14:57+00:00",
    "time-started": "2026-05-05T17:14:54+00:00"
  }
}
------------------------------
[10:20:05] 시도 #16 시작...
[10:21:44] 실패. 5분 후 재시도합니다...
----- 마지막 응답 (요약) -----
    "resources": [
      {
        "action-type": "FAILED",
        "entity-type": "nodepool",
        "entity-uri": null,
        "identifier": "ocid1.nodepool.oc1.ap-chuncheon-1.aaaaaaaaha3mockwjzcdtjgr3ozjdkv6p6rxhg53p3xtd3hohnxq7zvw65ja"
      },
      {
        "action-type": "RELATED",
        "entity-type": "cluster",
        "entity-uri": null,
        "identifier": "ocid1.cluster.oc1.ap-chuncheon-1.aaaaaaaa55n4r2psb7y2j46agsng53p3jtatmfrjqhlt7d2enc5pqnu4mrba"
      }
    ],
    "status": "FAILED",
    "time-accepted": "2026-05-05T17:20:08+00:00",
    "time-finished": "2026-05-05T17:21:24+00:00",
    "time-started": "2026-05-05T17:20:19+00:00"
  }
}
------------------------------
[10:26:44] 시도 #17 시작...
[10:28:22] 실패. 5분 후 재시도합니다...
----- 마지막 응답 (요약) -----
    "resources": [
      {
        "action-type": "FAILED",
        "entity-type": "nodepool",
        "entity-uri": null,
        "identifier": "ocid1.nodepool.oc1.ap-chuncheon-1.aaaaaaaaziynse6vbxythzkzhewuciqczeptynl24657wkgmqnn5tk4k7hea"
      },
      {
        "action-type": "RELATED",
        "entity-type": "cluster",
        "entity-uri": null,
        "identifier": "ocid1.cluster.oc1.ap-chuncheon-1.aaaaaaaa55n4r2psb7y2j46agsng53p3jtatmfrjqhlt7d2enc5pqnu4mrba"
      }
    ],
    "status": "FAILED",
    "time-accepted": "2026-05-05T17:26:46+00:00",
    "time-finished": "2026-05-05T17:28:04+00:00",
    "time-started": "2026-05-05T17:26:59+00:00"
  }
}
------------------------------
[10:33:22] 시도 #18 시작...
[10:35:01] 실패. 5분 후 재시도합니다...
----- 마지막 응답 (요약) -----
    "resources": [
      {
        "action-type": "FAILED",
        "entity-type": "nodepool",
        "entity-uri": null,
        "identifier": "ocid1.nodepool.oc1.ap-chuncheon-1.aaaaaaaapib7elxspgnthvizpj2ijg3sdlphkcfqaehmxdwpbncdis6gouuq"
      },
      {
        "action-type": "RELATED",
        "entity-type": "cluster",
        "entity-uri": null,
        "identifier": "ocid1.cluster.oc1.ap-chuncheon-1.aaaaaaaa55n4r2psb7y2j46agsng53p3jtatmfrjqhlt7d2enc5pqnu4mrba"
      }
    ],
    "status": "FAILED",
    "time-accepted": "2026-05-05T17:33:24+00:00",
    "time-finished": "2026-05-05T17:34:43+00:00",
    "time-started": "2026-05-05T17:33:38+00:00"
  }
}
------------------------------
[10:40:01] 시도 #19 시작...
[10:41:39] 실패. 5분 후 재시도합니다...
----- 마지막 응답 (요약) -----
    "resources": [
      {
        "action-type": "FAILED",
        "entity-type": "nodepool",
        "entity-uri": null,
        "identifier": "ocid1.nodepool.oc1.ap-chuncheon-1.aaaaaaaa4t4orwk6vgx7733tj7a7wfufg5nd7kc36z2ee46s4njxkfcrxnqa"
      },
      {
        "action-type": "RELATED",
        "entity-type": "cluster",
        "entity-uri": null,
        "identifier": "ocid1.cluster.oc1.ap-chuncheon-1.aaaaaaaa55n4r2psb7y2j46agsng53p3jtatmfrjqhlt7d2enc5pqnu4mrba"
      }
    ],
    "status": "FAILED",
    "time-accepted": "2026-05-05T17:40:04+00:00",
    "time-finished": "2026-05-05T17:41:20+00:00",
    "time-started": "2026-05-05T17:40:15+00:00"
  }
}
------------------------------
[10:46:39] 시도 #20 시작...
[10:48:17] 실패. 5분 후 재시도합니다...
----- 마지막 응답 (요약) -----
    "resources": [
      {
        "action-type": "FAILED",
        "entity-type": "nodepool",
        "entity-uri": null,
        "identifier": "ocid1.nodepool.oc1.ap-chuncheon-1.aaaaaaaahk6jnk35excrwnbsv2rbt7pl2ofo6hsysyjxzjuhenftw4jjablq"
      },
      {
        "action-type": "RELATED",
        "entity-type": "cluster",
        "entity-uri": null,
        "identifier": "ocid1.cluster.oc1.ap-chuncheon-1.aaaaaaaa55n4r2psb7y2j46agsng53p3jtatmfrjqhlt7d2enc5pqnu4mrba"
      }
    ],
    "status": "FAILED",
    "time-accepted": "2026-05-05T17:46:42+00:00",
    "time-finished": "2026-05-05T17:47:59+00:00",
    "time-started": "2026-05-05T17:46:54+00:00"
  }
}
------------------------------
[10:53:17] 시도 #21 시작...
[10:54:54] 실패. 5분 후 재시도합니다...
----- 마지막 응답 (요약) -----
    "resources": [
      {
        "action-type": "FAILED",
        "entity-type": "nodepool",
        "entity-uri": null,
        "identifier": "ocid1.nodepool.oc1.ap-chuncheon-1.aaaaaaaaujrc4f5bdtsx6wakcnkazv4bwxleism4fv7qblx7gnqk4ab5lnha"
      },
      {
        "action-type": "RELATED",
        "entity-type": "cluster",
        "entity-uri": null,
        "identifier": "ocid1.cluster.oc1.ap-chuncheon-1.aaaaaaaa55n4r2psb7y2j46agsng53p3jtatmfrjqhlt7d2enc5pqnu4mrba"
      }
    ],
    "status": "FAILED",
    "time-accepted": "2026-05-05T17:53:19+00:00",
    "time-finished": "2026-05-05T17:54:35+00:00",
    "time-started": "2026-05-05T17:53:30+00:00"
  }
}
------------------------------
[10:59:54] 시도 #22 시작...
[11:01:32] 실패. 5분 후 재시도합니다...
----- 마지막 응답 (요약) -----
    "resources": [
      {
        "action-type": "FAILED",
        "entity-type": "nodepool",
        "entity-uri": null,
        "identifier": "ocid1.nodepool.oc1.ap-chuncheon-1.aaaaaaaaefbkm6phgjnenq7rgbke6esbysobiz5bgrutoa676n2kx76o3z2q"
      },
      {
        "action-type": "RELATED",
        "entity-type": "cluster",
        "entity-uri": null,
        "identifier": "ocid1.cluster.oc1.ap-chuncheon-1.aaaaaaaa55n4r2psb7y2j46agsng53p3jtatmfrjqhlt7d2enc5pqnu4mrba"
      }
    ],
    "status": "FAILED",
    "time-accepted": "2026-05-05T17:59:57+00:00",
    "time-finished": "2026-05-05T18:01:11+00:00",
    "time-started": "2026-05-05T18:00:06+00:00"
  }
}
------------------------------
[11:06:32] 시도 #23 시작...
[11:08:13] 실패. 5분 후 재시도합니다...
----- 마지막 응답 (요약) -----
    "resources": [
      {
        "action-type": "FAILED",
        "entity-type": "nodepool",
        "entity-uri": null,
        "identifier": "ocid1.nodepool.oc1.ap-chuncheon-1.aaaaaaaaqsmswtfnyhpo7e77y6kymgetju47iqbru6kksul3ens3ri7niz6a"
      },
      {
        "action-type": "RELATED",
        "entity-type": "cluster",
        "entity-uri": null,
        "identifier": "ocid1.cluster.oc1.ap-chuncheon-1.aaaaaaaa55n4r2psb7y2j46agsng53p3jtatmfrjqhlt7d2enc5pqnu4mrba"
      }
    ],
    "status": "FAILED",
    "time-accepted": "2026-05-05T18:06:35+00:00",
    "time-finished": "2026-05-05T18:07:54+00:00",
    "time-started": "2026-05-05T18:06:49+00:00"
  }
}
------------------------------
[11:13:13] 시도 #24 시작...
[11:14:53] 실패. 5분 후 재시도합니다...
----- 마지막 응답 (요약) -----
    "resources": [
      {
        "action-type": "FAILED",
        "entity-type": "nodepool",
        "entity-uri": null,
        "identifier": "ocid1.nodepool.oc1.ap-chuncheon-1.aaaaaaaaswjy3mr7mn7huzdd56xce6673i5dsd2gdo6haxkrhnvxypsxaagq"
      },
      {
        "action-type": "RELATED",
        "entity-type": "cluster",
        "entity-uri": null,
        "identifier": "ocid1.cluster.oc1.ap-chuncheon-1.aaaaaaaa55n4r2psb7y2j46agsng53p3jtatmfrjqhlt7d2enc5pqnu4mrba"
      }
    ],
    "status": "FAILED",
    "time-accepted": "2026-05-05T18:13:15+00:00",
    "time-finished": "2026-05-05T18:14:33+00:00",
    "time-started": "2026-05-05T18:13:28+00:00"
  }
}
------------------------------
[11:19:53] 시도 #25 시작...
[11:21:31] 실패. 5분 후 재시도합니다...
----- 마지막 응답 (요약) -----
    "resources": [
      {
        "action-type": "FAILED",
        "entity-type": "nodepool",
        "entity-uri": null,
        "identifier": "ocid1.nodepool.oc1.ap-chuncheon-1.aaaaaaaa5qpausseswhfnptmnjzhoypj7us2efyy7nu5hz2p5naf2g7sz2ua"
      },
      {
        "action-type": "RELATED",
        "entity-type": "cluster",
        "entity-uri": null,
        "identifier": "ocid1.cluster.oc1.ap-chuncheon-1.aaaaaaaa55n4r2psb7y2j46agsng53p3jtatmfrjqhlt7d2enc5pqnu4mrba"
      }
    ],
    "status": "FAILED",
    "time-accepted": "2026-05-05T18:19:55+00:00",
    "time-finished": "2026-05-05T18:21:11+00:00",
    "time-started": "2026-05-05T18:20:06+00:00"
  }
}
------------------------------
[11:26:31] 시도 #26 시작...
[11:28:09] 실패. 5분 후 재시도합니다...
----- 마지막 응답 (요약) -----
    "resources": [
      {
        "action-type": "FAILED",
        "entity-type": "nodepool",
        "entity-uri": null,
        "identifier": "ocid1.nodepool.oc1.ap-chuncheon-1.aaaaaaaa6bhec2nqbhvlx4tauhzsrhxynzz23owtgmver2ryinzlhgeang6q"
      },
      {
        "action-type": "RELATED",
        "entity-type": "cluster",
        "entity-uri": null,
        "identifier": "ocid1.cluster.oc1.ap-chuncheon-1.aaaaaaaa55n4r2psb7y2j46agsng53p3jtatmfrjqhlt7d2enc5pqnu4mrba"
      }
    ],
    "status": "FAILED",
    "time-accepted": "2026-05-05T18:26:34+00:00",
    "time-finished": "2026-05-05T18:27:50+00:00",
    "time-started": "2026-05-05T18:26:46+00:00"
  }
}
------------------------------
[11:33:09] 시도 #27 시작...
[11:34:49] 실패. 5분 후 재시도합니다...
----- 마지막 응답 (요약) -----
    "resources": [
      {
        "action-type": "FAILED",
        "entity-type": "nodepool",
        "entity-uri": null,
        "identifier": "ocid1.nodepool.oc1.ap-chuncheon-1.aaaaaaaa55sq6k5q6arqqfa4ejvbtv2ffb7e7qf3ntdcho2tqnbjal4hlheq"
      },
      {
        "action-type": "RELATED",
        "entity-type": "cluster",
        "entity-uri": null,
        "identifier": "ocid1.cluster.oc1.ap-chuncheon-1.aaaaaaaa55n4r2psb7y2j46agsng53p3jtatmfrjqhlt7d2enc5pqnu4mrba"
      }
    ],
    "status": "FAILED",
    "time-accepted": "2026-05-05T18:33:12+00:00",
    "time-finished": "2026-05-05T18:34:30+00:00",
    "time-started": "2026-05-05T18:33:25+00:00"
  }
}
------------------------------
[11:39:49] 시도 #28 시작...
[11:41:28] 실패. 5분 후 재시도합니다...
----- 마지막 응답 (요약) -----
    "resources": [
      {
        "action-type": "FAILED",
        "entity-type": "nodepool",
        "entity-uri": null,
        "identifier": "ocid1.nodepool.oc1.ap-chuncheon-1.aaaaaaaat5iww6w5uetwzln6gt4vxliw7srzsxudo25lsqzafnr5qfa5hgmq"
      },
      {
        "action-type": "RELATED",
        "entity-type": "cluster",
        "entity-uri": null,
        "identifier": "ocid1.cluster.oc1.ap-chuncheon-1.aaaaaaaa55n4r2psb7y2j46agsng53p3jtatmfrjqhlt7d2enc5pqnu4mrba"
      }
    ],
    "status": "FAILED",
    "time-accepted": "2026-05-05T18:39:52+00:00",
    "time-finished": "2026-05-05T18:41:06+00:00",
    "time-started": "2026-05-05T18:40:01+00:00"
  }
}
------------------------------
[11:46:28] 시도 #29 시작...
[11:48:07] 실패. 5분 후 재시도합니다...
----- 마지막 응답 (요약) -----
    "resources": [
      {
        "action-type": "FAILED",
        "entity-type": "nodepool",
        "entity-uri": null,
        "identifier": "ocid1.nodepool.oc1.ap-chuncheon-1.aaaaaaaa5j5n6nxxdnz4vr2pyjns5mg2d2wu4jpdqmhhailffnjg5uawkfjq"
      },
      {
        "action-type": "RELATED",
        "entity-type": "cluster",
        "entity-uri": null,
        "identifier": "ocid1.cluster.oc1.ap-chuncheon-1.aaaaaaaa55n4r2psb7y2j46agsng53p3jtatmfrjqhlt7d2enc5pqnu4mrba"
      }
    ],
    "status": "FAILED",
    "time-accepted": "2026-05-05T18:46:30+00:00",
    "time-finished": "2026-05-05T18:47:44+00:00",
    "time-started": "2026-05-05T18:46:39+00:00"
  }
}
------------------------------
[11:53:07] 시도 #30 시작...
[11:54:46] 실패. 5분 후 재시도합니다...
----- 마지막 응답 (요약) -----
    "resources": [
      {
        "action-type": "FAILED",
        "entity-type": "nodepool",
        "entity-uri": null,
        "identifier": "ocid1.nodepool.oc1.ap-chuncheon-1.aaaaaaaai3xvzhqwziz7mtjs5bjplhftiawpgmus4fex5yesonzvyh5hlhva"
      },
      {
        "action-type": "RELATED",
        "entity-type": "cluster",
        "entity-uri": null,
        "identifier": "ocid1.cluster.oc1.ap-chuncheon-1.aaaaaaaa55n4r2psb7y2j46agsng53p3jtatmfrjqhlt7d2enc5pqnu4mrba"
      }
    ],
    "status": "FAILED",
    "time-accepted": "2026-05-05T18:53:09+00:00",
    "time-finished": "2026-05-05T18:54:20+00:00",
    "time-started": "2026-05-05T18:53:16+00:00"
  }
}
------------------------------
[11:59:46] 시도 #31 시작...
[12:01:25] 실패. 5분 후 재시도합니다...
----- 마지막 응답 (요약) -----
    "resources": [
      {
        "action-type": "FAILED",
        "entity-type": "nodepool",
        "entity-uri": null,
        "identifier": "ocid1.nodepool.oc1.ap-chuncheon-1.aaaaaaaaf7hhbw7scizo3ft76e2iwmmyn35yqf33n3jy3zjgwn2vzo5y7rca"
      },
      {
        "action-type": "RELATED",
        "entity-type": "cluster",
        "entity-uri": null,
        "identifier": "ocid1.cluster.oc1.ap-chuncheon-1.aaaaaaaa55n4r2psb7y2j46agsng53p3jtatmfrjqhlt7d2enc5pqnu4mrba"
      }
    ],
    "status": "FAILED",
    "time-accepted": "2026-05-05T18:59:48+00:00",
    "time-finished": "2026-05-05T19:00:57+00:00",
    "time-started": "2026-05-05T18:59:52+00:00"
  }
}
------------------------------
[12:06:25] 시도 #32 시작...
[12:08:02] 실패. 5분 후 재시도합니다...
----- 마지막 응답 (요약) -----
    "resources": [
      {
        "action-type": "FAILED",
        "entity-type": "nodepool",
        "entity-uri": null,
        "identifier": "ocid1.nodepool.oc1.ap-chuncheon-1.aaaaaaaawzpjujqlrfl6htg77hnli7q2lsoskqcvomf3hfzknncuitzh3mzq"
      },
      {
        "action-type": "RELATED",
        "entity-type": "cluster",
        "entity-uri": null,
        "identifier": "ocid1.cluster.oc1.ap-chuncheon-1.aaaaaaaa55n4r2psb7y2j46agsng53p3jtatmfrjqhlt7d2enc5pqnu4mrba"
      }
    ],
    "status": "FAILED",
    "time-accepted": "2026-05-05T19:06:27+00:00",
    "time-finished": "2026-05-05T19:07:51+00:00",
    "time-started": "2026-05-05T19:06:46+00:00"
  }
}
------------------------------
[12:13:02] 시도 #33 시작...
[12:14:40] 실패. 5분 후 재시도합니다...
----- 마지막 응답 (요약) -----
    "resources": [
      {
        "action-type": "FAILED",
        "entity-type": "nodepool",
        "entity-uri": null,
        "identifier": "ocid1.nodepool.oc1.ap-chuncheon-1.aaaaaaaabyvu2rl5xuweabecarud2ctfbp42hprcj2smt3owmnnf344vptpq"
      },
      {
        "action-type": "RELATED",
        "entity-type": "cluster",
        "entity-uri": null,
        "identifier": "ocid1.cluster.oc1.ap-chuncheon-1.aaaaaaaa55n4r2psb7y2j46agsng53p3jtatmfrjqhlt7d2enc5pqnu4mrba"
      }
    ],
    "status": "FAILED",
    "time-accepted": "2026-05-05T19:13:04+00:00",
    "time-finished": "2026-05-05T19:14:12+00:00",
    "time-started": "2026-05-05T19:13:08+00:00"
  }
}
------------------------------
[12:19:40] 시도 #34 시작...
[12:21:17] 실패. 5분 후 재시도합니다...
----- 마지막 응답 (요약) -----
    "resources": [
      {
        "action-type": "FAILED",
        "entity-type": "nodepool",
        "entity-uri": null,
        "identifier": "ocid1.nodepool.oc1.ap-chuncheon-1.aaaaaaaazlkdm65kgs7t5aijbx23uz4qw4bzsbvurmrzhjkfanupeidte4qa"
      },
      {
        "action-type": "RELATED",
        "entity-type": "cluster",
        "entity-uri": null,
        "identifier": "ocid1.cluster.oc1.ap-chuncheon-1.aaaaaaaa55n4r2psb7y2j46agsng53p3jtatmfrjqhlt7d2enc5pqnu4mrba"
      }
    ],
    "status": "FAILED",
    "time-accepted": "2026-05-05T19:19:42+00:00",
    "time-finished": "2026-05-05T19:20:51+00:00",
    "time-started": "2026-05-05T19:19:46+00:00"
  }
}
------------------------------
[12:26:17] 시도 #35 시작...
[12:27:56] 실패. 5분 후 재시도합니다...
----- 마지막 응답 (요약) -----
    "resources": [
      {
        "action-type": "FAILED",
        "entity-type": "nodepool",
        "entity-uri": null,
        "identifier": "ocid1.nodepool.oc1.ap-chuncheon-1.aaaaaaaaf6kjheqitqefhudlj4xjtrgdgk2rkhxaxtlh7zxq6nwihrufomea"
      },
      {
        "action-type": "RELATED",
        "entity-type": "cluster",
        "entity-uri": null,
        "identifier": "ocid1.cluster.oc1.ap-chuncheon-1.aaaaaaaa55n4r2psb7y2j46agsng53p3jtatmfrjqhlt7d2enc5pqnu4mrba"
      }
    ],
    "status": "FAILED",
    "time-accepted": "2026-05-05T19:26:20+00:00",
    "time-finished": "2026-05-05T19:27:31+00:00",
    "time-started": "2026-05-05T19:26:25+00:00"
  }
}
------------------------------
[12:32:56] 시도 #36 시작...
[12:34:35] 실패. 5분 후 재시도합니다...
----- 마지막 응답 (요약) -----
    "resources": [
      {
        "action-type": "FAILED",
        "entity-type": "nodepool",
        "entity-uri": null,
        "identifier": "ocid1.nodepool.oc1.ap-chuncheon-1.aaaaaaaafyirg2jha253tdqeys4ktjssguea63nu56wzdd3mlnl6nosizcuq"
      },
      {
        "action-type": "RELATED",
        "entity-type": "cluster",
        "entity-uri": null,
        "identifier": "ocid1.cluster.oc1.ap-chuncheon-1.aaaaaaaa55n4r2psb7y2j46agsng53p3jtatmfrjqhlt7d2enc5pqnu4mrba"
      }
    ],
    "status": "FAILED",
    "time-accepted": "2026-05-05T19:32:58+00:00",
    "time-finished": "2026-05-05T19:34:09+00:00",
    "time-started": "2026-05-05T19:33:04+00:00"
  }
}
------------------------------
[12:39:35] 시도 #37 시작...
[12:41:15] 실패. 5분 후 재시도합니다...
----- 마지막 응답 (요약) -----
    "resources": [
      {
        "action-type": "FAILED",
        "entity-type": "nodepool",
        "entity-uri": null,
        "identifier": "ocid1.nodepool.oc1.ap-chuncheon-1.aaaaaaaam4ganeb2pq6mfldzffxklkqwfs3p5k5q6qeilg2mvnz4znbnutia"
      },
      {
        "action-type": "RELATED",
        "entity-type": "cluster",
        "entity-uri": null,
        "identifier": "ocid1.cluster.oc1.ap-chuncheon-1.aaaaaaaa55n4r2psb7y2j46agsng53p3jtatmfrjqhlt7d2enc5pqnu4mrba"
      }
    ],
    "status": "FAILED",
    "time-accepted": "2026-05-05T19:39:37+00:00",
    "time-finished": "2026-05-05T19:40:59+00:00",
    "time-started": "2026-05-05T19:39:55+00:00"
  }
}
------------------------------
[12:46:15] 시도 #38 시작...
[12:47:54] 실패. 5분 후 재시도합니다...
----- 마지막 응답 (요약) -----
    "resources": [
      {
        "action-type": "FAILED",
        "entity-type": "nodepool",
        "entity-uri": null,
        "identifier": "ocid1.nodepool.oc1.ap-chuncheon-1.aaaaaaaajokku5uthapdj3vto2k4baemzfiggnxl44xwzta57nvuvxktbyoa"
      },
      {
        "action-type": "RELATED",
        "entity-type": "cluster",
        "entity-uri": null,
        "identifier": "ocid1.cluster.oc1.ap-chuncheon-1.aaaaaaaa55n4r2psb7y2j46agsng53p3jtatmfrjqhlt7d2enc5pqnu4mrba"
      }
    ],
    "status": "FAILED",
    "time-accepted": "2026-05-05T19:46:17+00:00",
    "time-finished": "2026-05-05T19:47:26+00:00",
    "time-started": "2026-05-05T19:46:21+00:00"
  }
}
------------------------------
[12:52:54] 시도 #39 시작...
[12:54:32] 실패. 5분 후 재시도합니다...
----- 마지막 응답 (요약) -----
    "resources": [
      {
        "action-type": "FAILED",
        "entity-type": "nodepool",
        "entity-uri": null,
        "identifier": "ocid1.nodepool.oc1.ap-chuncheon-1.aaaaaaaa56hlvgdx6xglrhukrhannxtdbicr6ikv22a4j2jqbn6qpoj5ti3q"
      },
      {
        "action-type": "RELATED",
        "entity-type": "cluster",
        "entity-uri": null,
        "identifier": "ocid1.cluster.oc1.ap-chuncheon-1.aaaaaaaa55n4r2psb7y2j46agsng53p3jtatmfrjqhlt7d2enc5pqnu4mrba"
      }
    ],
    "status": "FAILED",
    "time-accepted": "2026-05-05T19:52:56+00:00",
    "time-finished": "2026-05-05T19:54:17+00:00",
    "time-started": "2026-05-05T19:53:13+00:00"
  }
}
------------------------------
[12:59:32] 시도 #40 시작...
[13:01:10] 실패. 5분 후 재시도합니다...
----- 마지막 응답 (요약) -----
    "resources": [
      {
        "action-type": "FAILED",
        "entity-type": "nodepool",
        "entity-uri": null,
        "identifier": "ocid1.nodepool.oc1.ap-chuncheon-1.aaaaaaaaz4zcvijijt7j3ngwngdzyxseaw5vijj4qcyoe7pohna63mike2za"
      },
      {
        "action-type": "RELATED",
        "entity-type": "cluster",
        "entity-uri": null,
        "identifier": "ocid1.cluster.oc1.ap-chuncheon-1.aaaaaaaa55n4r2psb7y2j46agsng53p3jtatmfrjqhlt7d2enc5pqnu4mrba"
      }
    ],
    "status": "FAILED",
    "time-accepted": "2026-05-05T19:59:34+00:00",
    "time-finished": "2026-05-05T20:00:55+00:00",
    "time-started": "2026-05-05T19:59:50+00:00"
  }
}
------------------------------
[13:06:10] 시도 #41 시작...
[13:07:47] 실패. 5분 후 재시도합니다...
----- 마지막 응답 (요약) -----
    "resources": [
      {
        "action-type": "FAILED",
        "entity-type": "nodepool",
        "entity-uri": null,
        "identifier": "ocid1.nodepool.oc1.ap-chuncheon-1.aaaaaaaalbwpmzdq437fptvpzecpacaikbt44q2zdml2weoxdnj2who2of3q"
      },
      {
        "action-type": "RELATED",
        "entity-type": "cluster",
        "entity-uri": null,
        "identifier": "ocid1.cluster.oc1.ap-chuncheon-1.aaaaaaaa55n4r2psb7y2j46agsng53p3jtatmfrjqhlt7d2enc5pqnu4mrba"
      }
    ],
    "status": "FAILED",
    "time-accepted": "2026-05-05T20:06:12+00:00",
    "time-finished": "2026-05-05T20:07:33+00:00",
    "time-started": "2026-05-05T20:06:29+00:00"
  }
}
------------------------------
[13:12:47] 시도 #42 시작...
[13:14:27] 실패. 5분 후 재시도합니다...
----- 마지막 응답 (요약) -----
    "resources": [
      {
        "action-type": "FAILED",
        "entity-type": "nodepool",
        "entity-uri": null,
        "identifier": "ocid1.nodepool.oc1.ap-chuncheon-1.aaaaaaaakkafrbtj5ipuxq4xj7vdhryumnvgp7undyu37gn2vnpbhvbbiu4q"
      },
      {
        "action-type": "RELATED",
        "entity-type": "cluster",
        "entity-uri": null,
        "identifier": "ocid1.cluster.oc1.ap-chuncheon-1.aaaaaaaa55n4r2psb7y2j46agsng53p3jtatmfrjqhlt7d2enc5pqnu4mrba"
      }
    ],
    "status": "FAILED",
    "time-accepted": "2026-05-05T20:12:49+00:00",
    "time-finished": "2026-05-05T20:14:10+00:00",
    "time-started": "2026-05-05T20:13:05+00:00"
  }
}
------------------------------
[13:19:27] 시도 #43 시작...
[13:21:06] 실패. 5분 후 재시도합니다...
----- 마지막 응답 (요약) -----
    "resources": [
      {
        "action-type": "FAILED",
        "entity-type": "nodepool",
        "entity-uri": null,
        "identifier": "ocid1.nodepool.oc1.ap-chuncheon-1.aaaaaaaakect7lkexelhc2lnuumccr5mxpbfxhzlro3smn3b4nxdjdxz7fva"
      },
      {
        "action-type": "RELATED",
        "entity-type": "cluster",
        "entity-uri": null,
        "identifier": "ocid1.cluster.oc1.ap-chuncheon-1.aaaaaaaa55n4r2psb7y2j46agsng53p3jtatmfrjqhlt7d2enc5pqnu4mrba"
      }
    ],
    "status": "FAILED",
    "time-accepted": "2026-05-05T20:19:28+00:00",
    "time-finished": "2026-05-05T20:20:51+00:00",
    "time-started": "2026-05-05T20:19:44+00:00"
  }
}
------------------------------
[13:26:06] 시도 #44 시작...
[13:27:45] 실패. 5분 후 재시도합니다...
----- 마지막 응답 (요약) -----
    "resources": [
      {
        "action-type": "FAILED",
        "entity-type": "nodepool",
        "entity-uri": null,
        "identifier": "ocid1.nodepool.oc1.ap-chuncheon-1.aaaaaaaaez7ep2jny5tcnqushkzxdssgzcow4ta6ctsbkcd4qnwu6dfyrtla"
      },
      {
        "action-type": "RELATED",
        "entity-type": "cluster",
        "entity-uri": null,
        "identifier": "ocid1.cluster.oc1.ap-chuncheon-1.aaaaaaaa55n4r2psb7y2j46agsng53p3jtatmfrjqhlt7d2enc5pqnu4mrba"
      }
    ],
    "status": "FAILED",
    "time-accepted": "2026-05-05T20:26:08+00:00",
    "time-finished": "2026-05-05T20:27:26+00:00",
    "time-started": "2026-05-05T20:26:21+00:00"
  }
}
------------------------------
[13:32:45] 시도 #45 시작...
[13:34:24] 실패. 5분 후 재시도합니다...
----- 마지막 응답 (요약) -----
    "resources": [
      {
        "action-type": "FAILED",
        "entity-type": "nodepool",
        "entity-uri": null,
        "identifier": "ocid1.nodepool.oc1.ap-chuncheon-1.aaaaaaaaqvtopjeoyvvlekhey2jny6cl3r3vpxpngojzerowanfyvncub57q"
      },
      {
        "action-type": "RELATED",
        "entity-type": "cluster",
        "entity-uri": null,
        "identifier": "ocid1.cluster.oc1.ap-chuncheon-1.aaaaaaaa55n4r2psb7y2j46agsng53p3jtatmfrjqhlt7d2enc5pqnu4mrba"
      }
    ],
    "status": "FAILED",
    "time-accepted": "2026-05-05T20:32:47+00:00",
    "time-finished": "2026-05-05T20:34:08+00:00",
    "time-started": "2026-05-05T20:33:04+00:00"
  }
}
------------------------------
[13:39:24] 시도 #46 시작...
[13:41:03] 실패. 5분 후 재시도합니다...
----- 마지막 응답 (요약) -----
    "resources": [
      {
        "action-type": "FAILED",
        "entity-type": "nodepool",
        "entity-uri": null,
        "identifier": "ocid1.nodepool.oc1.ap-chuncheon-1.aaaaaaaaqs4hteri4oic7nxf7qn2vwv7dgtsbtzz2xnsr7iqunuideikmbda"
      },
      {
        "action-type": "RELATED",
        "entity-type": "cluster",
        "entity-uri": null,
        "identifier": "ocid1.cluster.oc1.ap-chuncheon-1.aaaaaaaa55n4r2psb7y2j46agsng53p3jtatmfrjqhlt7d2enc5pqnu4mrba"
      }
    ],
    "status": "FAILED",
    "time-accepted": "2026-05-05T20:39:26+00:00",
    "time-finished": "2026-05-05T20:40:45+00:00",
    "time-started": "2026-05-05T20:39:40+00:00"
  }
}
------------------------------
[13:46:03] 시도 #47 시작...
[13:47:41] 실패. 5분 후 재시도합니다...
----- 마지막 응답 (요약) -----
    "resources": [
      {
        "action-type": "FAILED",
        "entity-type": "nodepool",
        "entity-uri": null,
        "identifier": "ocid1.nodepool.oc1.ap-chuncheon-1.aaaaaaaa5dkpv7fru2djvpnahvucews4obj7gju5d7k5qr7itnbvcb5nafoq"
      },
      {
        "action-type": "RELATED",
        "entity-type": "cluster",
        "entity-uri": null,
        "identifier": "ocid1.cluster.oc1.ap-chuncheon-1.aaaaaaaa55n4r2psb7y2j46agsng53p3jtatmfrjqhlt7d2enc5pqnu4mrba"
      }
    ],
    "status": "FAILED",
    "time-accepted": "2026-05-05T20:46:05+00:00",
    "time-finished": "2026-05-05T20:47:22+00:00",
    "time-started": "2026-05-05T20:46:18+00:00"
  }
}
------------------------------
[13:52:41] 시도 #48 시작...
[13:54:20] 실패. 5분 후 재시도합니다...
----- 마지막 응답 (요약) -----
    "resources": [
      {
        "action-type": "FAILED",
        "entity-type": "nodepool",
        "entity-uri": null,
        "identifier": "ocid1.nodepool.oc1.ap-chuncheon-1.aaaaaaaam4w65xuokkf6ntz3tqqol4hkys7rge224q5r4ymg2nu3eq3swvba"
      },
      {
        "action-type": "RELATED",
        "entity-type": "cluster",
        "entity-uri": null,
        "identifier": "ocid1.cluster.oc1.ap-chuncheon-1.aaaaaaaa55n4r2psb7y2j46agsng53p3jtatmfrjqhlt7d2enc5pqnu4mrba"
      }
    ],
    "status": "FAILED",
    "time-accepted": "2026-05-05T20:52:43+00:00",
    "time-finished": "2026-05-05T20:54:00+00:00",
    "time-started": "2026-05-05T20:52:56+00:00"
  }
}
------------------------------
[13:59:20] 시도 #49 시작...
[14:01:00] 실패. 5분 후 재시도합니다...
----- 마지막 응답 (요약) -----
    "resources": [
      {
        "action-type": "FAILED",
        "entity-type": "nodepool",
        "entity-uri": null,
        "identifier": "ocid1.nodepool.oc1.ap-chuncheon-1.aaaaaaaasg74upyfkjrr4t7pfrgwquhicu7wpf5t5qw4ooxkhn57gptjtv5q"
      },
      {
        "action-type": "RELATED",
        "entity-type": "cluster",
        "entity-uri": null,
        "identifier": "ocid1.cluster.oc1.ap-chuncheon-1.aaaaaaaa55n4r2psb7y2j46agsng53p3jtatmfrjqhlt7d2enc5pqnu4mrba"
      }
    ],
    "status": "FAILED",
    "time-accepted": "2026-05-05T20:59:22+00:00",
    "time-finished": "2026-05-05T21:00:39+00:00",
    "time-started": "2026-05-05T20:59:34+00:00"
  }
}
------------------------------
[14:06:00] 시도 #50 시작...
[14:07:39] 실패. 5분 후 재시도합니다...
----- 마지막 응답 (요약) -----
    "resources": [
      {
        "action-type": "FAILED",
        "entity-type": "nodepool",
        "entity-uri": null,
        "identifier": "ocid1.nodepool.oc1.ap-chuncheon-1.aaaaaaaas2d4lzly5emqbahmrrlz4ysiqi3p3qkm64erfpnvcntub27357tq"
      },
      {
        "action-type": "RELATED",
        "entity-type": "cluster",
        "entity-uri": null,
        "identifier": "ocid1.cluster.oc1.ap-chuncheon-1.aaaaaaaa55n4r2psb7y2j46agsng53p3jtatmfrjqhlt7d2enc5pqnu4mrba"
      }
    ],
    "status": "FAILED",
    "time-accepted": "2026-05-05T21:06:02+00:00",
    "time-finished": "2026-05-05T21:07:20+00:00",
    "time-started": "2026-05-05T21:06:16+00:00"
  }
}
------------------------------
[14:12:39] 시도 #51 시작...
[14:14:19] 실패. 5분 후 재시도합니다...
----- 마지막 응답 (요약) -----
    "resources": [
      {
        "action-type": "FAILED",
        "entity-type": "nodepool",
        "entity-uri": null,
        "identifier": "ocid1.nodepool.oc1.ap-chuncheon-1.aaaaaaaa4ryf5b7sruwijxjpzt2qfyelmcrar2vqf7ak2tey4natuc67yu2a"
      },
      {
        "action-type": "RELATED",
        "entity-type": "cluster",
        "entity-uri": null,
        "identifier": "ocid1.cluster.oc1.ap-chuncheon-1.aaaaaaaa55n4r2psb7y2j46agsng53p3jtatmfrjqhlt7d2enc5pqnu4mrba"
      }
    ],
    "status": "FAILED",
    "time-accepted": "2026-05-05T21:12:41+00:00",
    "time-finished": "2026-05-05T21:14:00+00:00",
    "time-started": "2026-05-05T21:12:55+00:00"
  }
}
------------------------------
[14:19:19] 시도 #52 시작...
[14:20:56] 실패. 5분 후 재시도합니다...
----- 마지막 응답 (요약) -----
    "resources": [
      {
        "action-type": "FAILED",
        "entity-type": "nodepool",
        "entity-uri": null,
        "identifier": "ocid1.nodepool.oc1.ap-chuncheon-1.aaaaaaaapjekud5usgrpmzwvgua2oarb6rvnkvd25nof2qddgnirbz6su2ha"
      },
      {
        "action-type": "RELATED",
        "entity-type": "cluster",
        "entity-uri": null,
        "identifier": "ocid1.cluster.oc1.ap-chuncheon-1.aaaaaaaa55n4r2psb7y2j46agsng53p3jtatmfrjqhlt7d2enc5pqnu4mrba"
      }
    ],
    "status": "FAILED",
    "time-accepted": "2026-05-05T21:19:20+00:00",
    "time-finished": "2026-05-05T21:20:37+00:00",
    "time-started": "2026-05-05T21:19:32+00:00"
  }
}
------------------------------
[14:25:56] 시도 #53 시작...
[14:27:35] 실패. 5분 후 재시도합니다...
----- 마지막 응답 (요약) -----
    "resources": [
      {
        "action-type": "FAILED",
        "entity-type": "nodepool",
        "entity-uri": null,
        "identifier": "ocid1.nodepool.oc1.ap-chuncheon-1.aaaaaaaasxgbba5ujbykde3oulfpwzkeduveo3qwdhaocu7hkn4aai5v7jta"
      },
      {
        "action-type": "RELATED",
        "entity-type": "cluster",
        "entity-uri": null,
        "identifier": "ocid1.cluster.oc1.ap-chuncheon-1.aaaaaaaa55n4r2psb7y2j46agsng53p3jtatmfrjqhlt7d2enc5pqnu4mrba"
      }
    ],
    "status": "FAILED",
    "time-accepted": "2026-05-05T21:25:58+00:00",
    "time-finished": "2026-05-05T21:27:16+00:00",
    "time-started": "2026-05-05T21:26:11+00:00"
  }
}
------------------------------
[14:32:35] 시도 #54 시작...
[14:34:15] 실패. 5분 후 재시도합니다...
----- 마지막 응답 (요약) -----
    "resources": [
      {
        "action-type": "FAILED",
        "entity-type": "nodepool",
        "entity-uri": null,
        "identifier": "ocid1.nodepool.oc1.ap-chuncheon-1.aaaaaaaaktrwftxrg67ba737jxkuthnxlot25nbwktx7f2q6nn6iaao4ttqa"
      },
      {
        "action-type": "RELATED",
        "entity-type": "cluster",
        "entity-uri": null,
        "identifier": "ocid1.cluster.oc1.ap-chuncheon-1.aaaaaaaa55n4r2psb7y2j46agsng53p3jtatmfrjqhlt7d2enc5pqnu4mrba"
      }
    ],
    "status": "FAILED",
    "time-accepted": "2026-05-05T21:32:37+00:00",
    "time-finished": "2026-05-05T21:33:54+00:00",
    "time-started": "2026-05-05T21:32:49+00:00"
  }
}
------------------------------
[14:39:15] 시도 #55 시작...
[14:40:54] 실패. 5분 후 재시도합니다...
----- 마지막 응답 (요약) -----
    "resources": [
      {
        "action-type": "FAILED",
        "entity-type": "nodepool",
        "entity-uri": null,
        "identifier": "ocid1.nodepool.oc1.ap-chuncheon-1.aaaaaaaa5qebhmwkyhwf6d6pomvlf4rzwftowdzrduxmmwdgrnw4u724wtpq"
      },
      {
        "action-type": "RELATED",
        "entity-type": "cluster",
        "entity-uri": null,
        "identifier": "ocid1.cluster.oc1.ap-chuncheon-1.aaaaaaaa55n4r2psb7y2j46agsng53p3jtatmfrjqhlt7d2enc5pqnu4mrba"
      }
    ],
    "status": "FAILED",
    "time-accepted": "2026-05-05T21:39:17+00:00",
    "time-finished": "2026-05-05T21:40:32+00:00",
    "time-started": "2026-05-05T21:39:27+00:00"
  }
}
------------------------------
[14:45:54] 시도 #56 시작...
[14:47:31] 실패. 5분 후 재시도합니다...
----- 마지막 응답 (요약) -----
    "resources": [
      {
        "action-type": "FAILED",
        "entity-type": "nodepool",
        "entity-uri": null,
        "identifier": "ocid1.nodepool.oc1.ap-chuncheon-1.aaaaaaaa6pbvhhswjyanld3sbgbnuubn65zxmcozrxdj2nwawnxafdffh4rq"
      },
      {
        "action-type": "RELATED",
        "entity-type": "cluster",
        "entity-uri": null,
        "identifier": "ocid1.cluster.oc1.ap-chuncheon-1.aaaaaaaa55n4r2psb7y2j46agsng53p3jtatmfrjqhlt7d2enc5pqnu4mrba"
      }
    ],
    "status": "FAILED",
    "time-accepted": "2026-05-05T21:45:56+00:00",
    "time-finished": "2026-05-05T21:47:07+00:00",
    "time-started": "2026-05-05T21:46:02+00:00"
  }
}
------------------------------
[14:52:31] 시도 #57 시작...
[14:54:09] 실패. 5분 후 재시도합니다...
----- 마지막 응답 (요약) -----
    "resources": [
      {
        "action-type": "FAILED",
        "entity-type": "nodepool",
        "entity-uri": null,
        "identifier": "ocid1.nodepool.oc1.ap-chuncheon-1.aaaaaaaaxefso237dtqdhtw6vwf323ikqeelcfcrtmwyzzi7dnnvycuppfga"
      },
      {
        "action-type": "RELATED",
        "entity-type": "cluster",
        "entity-uri": null,
        "identifier": "ocid1.cluster.oc1.ap-chuncheon-1.aaaaaaaa55n4r2psb7y2j46agsng53p3jtatmfrjqhlt7d2enc5pqnu4mrba"
      }
    ],
    "status": "FAILED",
    "time-accepted": "2026-05-05T21:52:33+00:00",
    "time-finished": "2026-05-05T21:53:44+00:00",
    "time-started": "2026-05-05T21:52:39+00:00"
  }
}
------------------------------
[14:59:09] 시도 #58 시작...
[15:00:47] 실패. 5분 후 재시도합니다...
----- 마지막 응답 (요약) -----
    "resources": [
      {
        "action-type": "FAILED",
        "entity-type": "nodepool",
        "entity-uri": null,
        "identifier": "ocid1.nodepool.oc1.ap-chuncheon-1.aaaaaaaasu5u74mxdttbbod34pxicoedkgro7wzrlewracj2snngzkyzwjoq"
      },
      {
        "action-type": "RELATED",
        "entity-type": "cluster",
        "entity-uri": null,
        "identifier": "ocid1.cluster.oc1.ap-chuncheon-1.aaaaaaaa55n4r2psb7y2j46agsng53p3jtatmfrjqhlt7d2enc5pqnu4mrba"
      }
    ],
    "status": "FAILED",
    "time-accepted": "2026-05-05T21:59:11+00:00",
    "time-finished": "2026-05-05T22:00:24+00:00",
    "time-started": "2026-05-05T21:59:20+00:00"
  }
}
------------------------------
[15:05:47] 시도 #59 시작...
[15:07:25] 실패. 5분 후 재시도합니다...
----- 마지막 응답 (요약) -----
    "resources": [
      {
        "action-type": "FAILED",
        "entity-type": "nodepool",
        "entity-uri": null,
        "identifier": "ocid1.nodepool.oc1.ap-chuncheon-1.aaaaaaaac6d4hrymbgsahs3552aljwgnyqbwykov7izgqtydfnr3tuh6aasa"
      },
      {
        "action-type": "RELATED",
        "entity-type": "cluster",
        "entity-uri": null,
        "identifier": "ocid1.cluster.oc1.ap-chuncheon-1.aaaaaaaa55n4r2psb7y2j46agsng53p3jtatmfrjqhlt7d2enc5pqnu4mrba"
      }
    ],
    "status": "FAILED",
    "time-accepted": "2026-05-05T22:05:49+00:00",
    "time-finished": "2026-05-05T22:07:10+00:00",
    "time-started": "2026-05-05T22:06:05+00:00"
  }
}
------------------------------
[15:12:25] 시도 #60 시작...
[15:14:03] 실패. 5분 후 재시도합니다...
----- 마지막 응답 (요약) -----
    "resources": [
      {
        "action-type": "FAILED",
        "entity-type": "nodepool",
        "entity-uri": null,
        "identifier": "ocid1.nodepool.oc1.ap-chuncheon-1.aaaaaaaaisnv74dlxm7qtgtcmujlbkf6zv633ljbakoav4yifnv2lw4nqmzq"
      },
      {
        "action-type": "RELATED",
        "entity-type": "cluster",
        "entity-uri": null,
        "identifier": "ocid1.cluster.oc1.ap-chuncheon-1.aaaaaaaa55n4r2psb7y2j46agsng53p3jtatmfrjqhlt7d2enc5pqnu4mrba"
      }
    ],
    "status": "FAILED",
    "time-accepted": "2026-05-05T22:12:27+00:00",
    "time-finished": "2026-05-05T22:13:40+00:00",
    "time-started": "2026-05-05T22:12:35+00:00"
  }
}
------------------------------
[15:19:03] 시도 #61 시작...
[15:20:42] 실패. 5분 후 재시도합니다...
----- 마지막 응답 (요약) -----
    "resources": [
      {
        "action-type": "FAILED",
        "entity-type": "nodepool",
        "entity-uri": null,
        "identifier": "ocid1.nodepool.oc1.ap-chuncheon-1.aaaaaaaak6emhhgtdvm2eyost2np32tscapnaegxuvmh5kdbonydl3sb64ga"
      },
      {
        "action-type": "RELATED",
        "entity-type": "cluster",
        "entity-uri": null,
        "identifier": "ocid1.cluster.oc1.ap-chuncheon-1.aaaaaaaa55n4r2psb7y2j46agsng53p3jtatmfrjqhlt7d2enc5pqnu4mrba"
      }
    ],
    "status": "FAILED",
    "time-accepted": "2026-05-05T22:19:05+00:00",
    "time-finished": "2026-05-05T22:20:14+00:00",
    "time-started": "2026-05-05T22:19:10+00:00"
  }
}
------------------------------
[15:25:42] 시도 #62 시작...
[15:26:01] 실패. 5분 후 재시도합니다...
----- 마지막 응답 (요약) -----
    "resources": [
      {
        "action-type": "FAILED",
        "entity-type": "nodepool",
        "entity-uri": null,
        "identifier": "ocid1.nodepool.oc1.ap-chuncheon-1.aaaaaaaavb6sfuhi33xbqniqfemj3tqvajedtxysb2dx4boranmmt4ypkcsq"
      },
      {
        "action-type": "RELATED",
        "entity-type": "cluster",
        "entity-uri": null,
        "identifier": "ocid1.cluster.oc1.ap-chuncheon-1.aaaaaaaa55n4r2psb7y2j46agsng53p3jtatmfrjqhlt7d2enc5pqnu4mrba"
      }
    ],
    "status": "FAILED",
    "time-accepted": "2026-05-05T22:25:44+00:00",
    "time-finished": "2026-05-05T22:25:53+00:00",
    "time-started": "2026-05-05T22:25:50+00:00"
  }
}
------------------------------
[15:31:01] 시도 #63 시작...
[15:32:39] 실패. 5분 후 재시도합니다...
----- 마지막 응답 (요약) -----
    "resources": [
      {
        "action-type": "FAILED",
        "entity-type": "nodepool",
        "entity-uri": null,
        "identifier": "ocid1.nodepool.oc1.ap-chuncheon-1.aaaaaaaah6fn3eev7x2p2ho43j7mudbz4i5gp3qy577jo6azfnzbq3bf7yea"
      },
      {
        "action-type": "RELATED",
        "entity-type": "cluster",
        "entity-uri": null,
        "identifier": "ocid1.cluster.oc1.ap-chuncheon-1.aaaaaaaa55n4r2psb7y2j46agsng53p3jtatmfrjqhlt7d2enc5pqnu4mrba"
      }
    ],
    "status": "FAILED",
    "time-accepted": "2026-05-05T22:31:03+00:00",
    "time-finished": "2026-05-05T22:32:19+00:00",
    "time-started": "2026-05-05T22:31:14+00:00"
  }
}
------------------------------
[15:37:39] 시도 #64 시작...
[15:39:17] 실패. 5분 후 재시도합니다...
----- 마지막 응답 (요약) -----
    "resources": [
      {
        "action-type": "FAILED",
        "entity-type": "nodepool",
        "entity-uri": null,
        "identifier": "ocid1.nodepool.oc1.ap-chuncheon-1.aaaaaaaawdeswvm3kmbhhcyn4qjeujduuxsxfsxssacvkj3q4ns2s4tspa6q"
      },
      {
        "action-type": "RELATED",
        "entity-type": "cluster",
        "entity-uri": null,
        "identifier": "ocid1.cluster.oc1.ap-chuncheon-1.aaaaaaaa55n4r2psb7y2j46agsng53p3jtatmfrjqhlt7d2enc5pqnu4mrba"
      }
    ],
    "status": "FAILED",
    "time-accepted": "2026-05-05T22:37:41+00:00",
    "time-finished": "2026-05-05T22:38:57+00:00",
    "time-started": "2026-05-05T22:37:52+00:00"
  }
}
------------------------------
[15:44:17] 시도 #65 시작...
[15:44:36] 실패. 5분 후 재시도합니다...
----- 마지막 응답 (요약) -----
    "resources": [
      {
        "action-type": "FAILED",
        "entity-type": "nodepool",
        "entity-uri": null,
        "identifier": "ocid1.nodepool.oc1.ap-chuncheon-1.aaaaaaaaytxg5rydag27bdz2bpdg6la7ymkt6or4x7jotgqgpnoe52yx3epa"
      },
      {
        "action-type": "RELATED",
        "entity-type": "cluster",
        "entity-uri": null,
        "identifier": "ocid1.cluster.oc1.ap-chuncheon-1.aaaaaaaa55n4r2psb7y2j46agsng53p3jtatmfrjqhlt7d2enc5pqnu4mrba"
      }
    ],
    "status": "FAILED",
    "time-accepted": "2026-05-05T22:44:19+00:00",
    "time-finished": "2026-05-05T22:44:32+00:00",
    "time-started": "2026-05-05T22:44:29+00:00"
  }
}
------------------------------
[15:49:36] 시도 #66 시작...
[15:51:13] 실패. 5분 후 재시도합니다...
----- 마지막 응답 (요약) -----
    "resources": [
      {
        "action-type": "FAILED",
        "entity-type": "nodepool",
        "entity-uri": null,
        "identifier": "ocid1.nodepool.oc1.ap-chuncheon-1.aaaaaaaavlcx2clxgqn2jrnbx2juecpr7bsizorh3eh4ca4x3nuvi5l2ifba"
      },
      {
        "action-type": "RELATED",
        "entity-type": "cluster",
        "entity-uri": null,
        "identifier": "ocid1.cluster.oc1.ap-chuncheon-1.aaaaaaaa55n4r2psb7y2j46agsng53p3jtatmfrjqhlt7d2enc5pqnu4mrba"
      }
    ],
    "status": "FAILED",
    "time-accepted": "2026-05-05T22:49:38+00:00",
    "time-finished": "2026-05-05T22:50:56+00:00",
    "time-started": "2026-05-05T22:49:51+00:00"
  }
}
------------------------------
[15:56:13] 시도 #67 시작...
[15:57:52] 실패. 5분 후 재시도합니다...
----- 마지막 응답 (요약) -----
    "resources": [
      {
        "action-type": "FAILED",
        "entity-type": "nodepool",
        "entity-uri": null,
        "identifier": "ocid1.nodepool.oc1.ap-chuncheon-1.aaaaaaaaczyovungtqazeyadloe7notntlcjcq6z73kdhcdnzno4ulg5v6na"
      },
      {
        "action-type": "RELATED",
        "entity-type": "cluster",
        "entity-uri": null,
        "identifier": "ocid1.cluster.oc1.ap-chuncheon-1.aaaaaaaa55n4r2psb7y2j46agsng53p3jtatmfrjqhlt7d2enc5pqnu4mrba"
      }
    ],
    "status": "FAILED",
    "time-accepted": "2026-05-05T22:56:15+00:00",
    "time-finished": "2026-05-05T22:57:35+00:00",
    "time-started": "2026-05-05T22:56:30+00:00"
  }
}
------------------------------
[16:02:52] 시도 #68 시작...
[16:04:30] 실패. 5분 후 재시도합니다...
----- 마지막 응답 (요약) -----
    "resources": [
      {
        "action-type": "FAILED",
        "entity-type": "nodepool",
        "entity-uri": null,
        "identifier": "ocid1.nodepool.oc1.ap-chuncheon-1.aaaaaaaauwnmrcack636mxff6zo47uqjgx2njlk25rpeqmskpnwrstwkgk2q"
      },
      {
        "action-type": "RELATED",
        "entity-type": "cluster",
        "entity-uri": null,
        "identifier": "ocid1.cluster.oc1.ap-chuncheon-1.aaaaaaaa55n4r2psb7y2j46agsng53p3jtatmfrjqhlt7d2enc5pqnu4mrba"
      }
    ],
    "status": "FAILED",
    "time-accepted": "2026-05-05T23:02:54+00:00",
    "time-finished": "2026-05-05T23:04:12+00:00",
    "time-started": "2026-05-05T23:03:07+00:00"
  }
}
------------------------------
[16:09:30] 시도 #69 시작...
[16:11:07] 실패. 5분 후 재시도합니다...
----- 마지막 응답 (요약) -----
    "resources": [
      {
        "action-type": "FAILED",
        "entity-type": "nodepool",
        "entity-uri": null,
        "identifier": "ocid1.nodepool.oc1.ap-chuncheon-1.aaaaaaaatxak2igaky2yf7fvgqbejkhncdex523vkjbkglas5nqeavluhoya"
      },
      {
        "action-type": "RELATED",
        "entity-type": "cluster",
        "entity-uri": null,
        "identifier": "ocid1.cluster.oc1.ap-chuncheon-1.aaaaaaaa55n4r2psb7y2j46agsng53p3jtatmfrjqhlt7d2enc5pqnu4mrba"
      }
    ],
    "status": "FAILED",
    "time-accepted": "2026-05-05T23:09:32+00:00",
    "time-finished": "2026-05-05T23:10:53+00:00",
    "time-started": "2026-05-05T23:09:48+00:00"
  }
}
------------------------------
[16:16:07] 시도 #70 시작...
[16:17:46] 실패. 5분 후 재시도합니다...
----- 마지막 응답 (요약) -----
    "resources": [
      {
        "action-type": "FAILED",
        "entity-type": "nodepool",
        "entity-uri": null,
        "identifier": "ocid1.nodepool.oc1.ap-chuncheon-1.aaaaaaaa632wh6xdhlnq2sdffjpchi7w5v43of4rtrptkqx3ynxsbodchjra"
      },
      {
        "action-type": "RELATED",
        "entity-type": "cluster",
        "entity-uri": null,
        "identifier": "ocid1.cluster.oc1.ap-chuncheon-1.aaaaaaaa55n4r2psb7y2j46agsng53p3jtatmfrjqhlt7d2enc5pqnu4mrba"
      }
    ],
    "status": "FAILED",
    "time-accepted": "2026-05-05T23:16:09+00:00",
    "time-finished": "2026-05-05T23:17:28+00:00",
    "time-started": "2026-05-05T23:16:24+00:00"
  }
}
------------------------------
[16:22:46] 시도 #71 시작...
[16:24:23] 실패. 5분 후 재시도합니다...
----- 마지막 응답 (요약) -----
    "resources": [
      {
        "action-type": "FAILED",
        "entity-type": "nodepool",
        "entity-uri": null,
        "identifier": "ocid1.nodepool.oc1.ap-chuncheon-1.aaaaaaaayrayzai45qshix76vd2y7dg3fgt2hogatitwx3c24nz6hi63cdba"
      },
      {
        "action-type": "RELATED",
        "entity-type": "cluster",
        "entity-uri": null,
        "identifier": "ocid1.cluster.oc1.ap-chuncheon-1.aaaaaaaa55n4r2psb7y2j46agsng53p3jtatmfrjqhlt7d2enc5pqnu4mrba"
      }
    ],
    "status": "FAILED",
    "time-accepted": "2026-05-05T23:22:48+00:00",
    "time-finished": "2026-05-05T23:24:08+00:00",
    "time-started": "2026-05-05T23:23:04+00:00"
  }
}
------------------------------
[16:29:23] 시도 #72 시작...
[16:31:01] 실패. 5분 후 재시도합니다...
----- 마지막 응답 (요약) -----
    "resources": [
      {
        "action-type": "FAILED",
        "entity-type": "nodepool",
        "entity-uri": null,
        "identifier": "ocid1.nodepool.oc1.ap-chuncheon-1.aaaaaaaacasrbr3xbnd47omm5a4yz2xkcpjdpydyrsyg5ufekntlokqlhgsa"
      },
      {
        "action-type": "RELATED",
        "entity-type": "cluster",
        "entity-uri": null,
        "identifier": "ocid1.cluster.oc1.ap-chuncheon-1.aaaaaaaa55n4r2psb7y2j46agsng53p3jtatmfrjqhlt7d2enc5pqnu4mrba"
      }
    ],
    "status": "FAILED",
    "time-accepted": "2026-05-05T23:29:26+00:00",
    "time-finished": "2026-05-05T23:30:47+00:00",
    "time-started": "2026-05-05T23:29:42+00:00"
  }
}
------------------------------
[16:36:01] 시도 #73 시작...
[16:37:38] 실패. 5분 후 재시도합니다...
----- 마지막 응답 (요약) -----
    "resources": [
      {
        "action-type": "FAILED",
        "entity-type": "nodepool",
        "entity-uri": null,
        "identifier": "ocid1.nodepool.oc1.ap-chuncheon-1.aaaaaaaa23zgx267h5q24enve3333paaxqyfnc22e4v6jcw7onahe7qj7r5a"
      },
      {
        "action-type": "RELATED",
        "entity-type": "cluster",
        "entity-uri": null,
        "identifier": "ocid1.cluster.oc1.ap-chuncheon-1.aaaaaaaa55n4r2psb7y2j46agsng53p3jtatmfrjqhlt7d2enc5pqnu4mrba"
      }
    ],
    "status": "FAILED",
    "time-accepted": "2026-05-05T23:36:03+00:00",
    "time-finished": "2026-05-05T23:37:24+00:00",
    "time-started": "2026-05-05T23:36:19+00:00"
  }
}
------------------------------
[16:42:38] 시도 #74 시작...
[16:44:14] 실패. 5분 후 재시도합니다...
----- 마지막 응답 (요약) -----
    "resources": [
      {
        "action-type": "FAILED",
        "entity-type": "nodepool",
        "entity-uri": null,
        "identifier": "ocid1.nodepool.oc1.ap-chuncheon-1.aaaaaaaa7ip4fnhfaxte7jneg5gtq6csifpou7odptr6b72fhnfpghczu3ba"
      },
      {
        "action-type": "RELATED",
        "entity-type": "cluster",
        "entity-uri": null,
        "identifier": "ocid1.cluster.oc1.ap-chuncheon-1.aaaaaaaa55n4r2psb7y2j46agsng53p3jtatmfrjqhlt7d2enc5pqnu4mrba"
      }
    ],
    "status": "FAILED",
    "time-accepted": "2026-05-05T23:42:40+00:00",
    "time-finished": "2026-05-05T23:43:59+00:00",
    "time-started": "2026-05-05T23:42:54+00:00"
  }
}
------------------------------
[16:49:15] 시도 #75 시작...
[16:50:54] 실패. 5분 후 재시도합니다...
----- 마지막 응답 (요약) -----
    "resources": [
      {
        "action-type": "FAILED",
        "entity-type": "nodepool",
        "entity-uri": null,
        "identifier": "ocid1.nodepool.oc1.ap-chuncheon-1.aaaaaaaavayfmfrpnh4ccragw6ba6lwj5nudpuvq4dphwefi6n7ro7teghsq"
      },
      {
        "action-type": "RELATED",
        "entity-type": "cluster",
        "entity-uri": null,
        "identifier": "ocid1.cluster.oc1.ap-chuncheon-1.aaaaaaaa55n4r2psb7y2j46agsng53p3jtatmfrjqhlt7d2enc5pqnu4mrba"
      }
    ],
    "status": "FAILED",
    "time-accepted": "2026-05-05T23:49:17+00:00",
    "time-finished": "2026-05-05T23:50:23+00:00",
    "time-started": "2026-05-05T23:49:19+00:00"
  }
}
------------------------------
[16:55:54] 시도 #76 시작...
[16:57:33] 실패. 5분 후 재시도합니다...
----- 마지막 응답 (요약) -----
    "resources": [
      {
        "action-type": "FAILED",
        "entity-type": "nodepool",
        "entity-uri": null,
        "identifier": "ocid1.nodepool.oc1.ap-chuncheon-1.aaaaaaaavkyi4wxrm7kfrgyx5m33dhgayk6kutf2dp7iaidc5nzl7fhjcjua"
      },
      {
        "action-type": "RELATED",
        "entity-type": "cluster",
        "entity-uri": null,
        "identifier": "ocid1.cluster.oc1.ap-chuncheon-1.aaaaaaaa55n4r2psb7y2j46agsng53p3jtatmfrjqhlt7d2enc5pqnu4mrba"
      }
    ],
    "status": "FAILED",
    "time-accepted": "2026-05-05T23:55:56+00:00",
    "time-finished": "2026-05-05T23:57:14+00:00",
    "time-started": "2026-05-05T23:56:10+00:00"
  }
}
------------------------------
[17:02:33] 시도 #77 시작...
[17:04:12] 실패. 5분 후 재시도합니다...
----- 마지막 응답 (요약) -----
    "resources": [
      {
        "action-type": "FAILED",
        "entity-type": "nodepool",
        "entity-uri": null,
        "identifier": "ocid1.nodepool.oc1.ap-chuncheon-1.aaaaaaaasfqudwvlifyx3bhrqfaet2womuc24mnixnl4gkxqtnu7rg5recfa"
      },
      {
        "action-type": "RELATED",
        "entity-type": "cluster",
        "entity-uri": null,
        "identifier": "ocid1.cluster.oc1.ap-chuncheon-1.aaaaaaaa55n4r2psb7y2j46agsng53p3jtatmfrjqhlt7d2enc5pqnu4mrba"
      }
    ],
    "status": "FAILED",
    "time-accepted": "2026-05-06T00:02:35+00:00",
    "time-finished": "2026-05-06T00:03:52+00:00",
    "time-started": "2026-05-06T00:02:47+00:00"
  }
}
------------------------------
[17:09:12] 시도 #78 시작...
[17:10:51] 실패. 5분 후 재시도합니다...
----- 마지막 응답 (요약) -----
    "resources": [
      {
        "action-type": "FAILED",
        "entity-type": "nodepool",
        "entity-uri": null,
        "identifier": "ocid1.nodepool.oc1.ap-chuncheon-1.aaaaaaaayy5r34msnol2bdtgqhmdfzqh5b7b52zce35ezowyrnnijgbr562a"
      },
      {
        "action-type": "RELATED",
        "entity-type": "cluster",
        "entity-uri": null,
        "identifier": "ocid1.cluster.oc1.ap-chuncheon-1.aaaaaaaa55n4r2psb7y2j46agsng53p3jtatmfrjqhlt7d2enc5pqnu4mrba"
      }
    ],
    "status": "FAILED",
    "time-accepted": "2026-05-06T00:09:14+00:00",
    "time-finished": "2026-05-06T00:10:30+00:00",
    "time-started": "2026-05-06T00:09:26+00:00"
  }
}
------------------------------
[17:15:51] 시도 #79 시작...
[17:17:30] 실패. 5분 후 재시도합니다...
----- 마지막 응답 (요약) -----
    "resources": [
      {
        "action-type": "FAILED",
        "entity-type": "nodepool",
        "entity-uri": null,
        "identifier": "ocid1.nodepool.oc1.ap-chuncheon-1.aaaaaaaarol2gg2gc6rso3rclopuuivwdp4frl432rhghwrxfni34summtpa"
      },
      {
        "action-type": "RELATED",
        "entity-type": "cluster",
        "entity-uri": null,
        "identifier": "ocid1.cluster.oc1.ap-chuncheon-1.aaaaaaaa55n4r2psb7y2j46agsng53p3jtatmfrjqhlt7d2enc5pqnu4mrba"
      }
    ],
    "status": "FAILED",
    "time-accepted": "2026-05-06T00:15:53+00:00",
    "time-finished": "2026-05-06T00:17:09+00:00",
    "time-started": "2026-05-06T00:16:04+00:00"
  }
}
------------------------------
[17:22:30] 시도 #80 시작...
[17:24:10] 실패. 5분 후 재시도합니다...
----- 마지막 응답 (요약) -----
    "resources": [
      {
        "action-type": "FAILED",
        "entity-type": "nodepool",
        "entity-uri": null,
        "identifier": "ocid1.nodepool.oc1.ap-chuncheon-1.aaaaaaaadu6b5v3vmbskrz5y2jioa2rhqi2kxwqd7iqbmis5knohot6zkwpq"
      },
      {
        "action-type": "RELATED",
        "entity-type": "cluster",
        "entity-uri": null,
        "identifier": "ocid1.cluster.oc1.ap-chuncheon-1.aaaaaaaa55n4r2psb7y2j46agsng53p3jtatmfrjqhlt7d2enc5pqnu4mrba"
      }
    ],
    "status": "FAILED",
    "time-accepted": "2026-05-06T00:22:32+00:00",
    "time-finished": "2026-05-06T00:23:51+00:00",
    "time-started": "2026-05-06T00:22:46+00:00"
  }
}
------------------------------
[17:29:10] 시도 #81 시작...
[17:30:48] 실패. 5분 후 재시도합니다...
----- 마지막 응답 (요약) -----
    "resources": [
      {
        "action-type": "FAILED",
        "entity-type": "nodepool",
        "entity-uri": null,
        "identifier": "ocid1.nodepool.oc1.ap-chuncheon-1.aaaaaaaaxkyk6lji6jxiwnx3sppncqyitykddiv2ariz52lmsnqusxbrf6ya"
      },
      {
        "action-type": "RELATED",
        "entity-type": "cluster",
        "entity-uri": null,
        "identifier": "ocid1.cluster.oc1.ap-chuncheon-1.aaaaaaaa55n4r2psb7y2j46agsng53p3jtatmfrjqhlt7d2enc5pqnu4mrba"
      }
    ],
    "status": "FAILED",
    "time-accepted": "2026-05-06T00:29:12+00:00",
    "time-finished": "2026-05-06T00:30:31+00:00",
    "time-started": "2026-05-06T00:29:26+00:00"
  }
}
------------------------------
[17:35:48] 시도 #82 시작...
[17:37:25] 실패. 5분 후 재시도합니다...
----- 마지막 응답 (요약) -----
    "resources": [
      {
        "action-type": "FAILED",
        "entity-type": "nodepool",
        "entity-uri": null,
        "identifier": "ocid1.nodepool.oc1.ap-chuncheon-1.aaaaaaaaj7za2luirnpavoehgpmyq3tarvgnhhxhoezbrevkknzfp2rvmcma"
      },
      {
        "action-type": "RELATED",
        "entity-type": "cluster",
        "entity-uri": null,
        "identifier": "ocid1.cluster.oc1.ap-chuncheon-1.aaaaaaaa55n4r2psb7y2j46agsng53p3jtatmfrjqhlt7d2enc5pqnu4mrba"
      }
    ],
    "status": "FAILED",
    "time-accepted": "2026-05-06T00:35:50+00:00",
    "time-finished": "2026-05-06T00:37:06+00:00",
    "time-started": "2026-05-06T00:36:02+00:00"
  }
}
------------------------------
[17:42:25] 시도 #83 시작...
[17:44:01] 실패. 5분 후 재시도합니다...
----- 마지막 응답 (요약) -----
    "resources": [
      {
        "action-type": "FAILED",
        "entity-type": "nodepool",
        "entity-uri": null,
        "identifier": "ocid1.nodepool.oc1.ap-chuncheon-1.aaaaaaaafi3dmz5jmetaze4fh2h63gzexbueacu6h5pbchv4nned7z65l2fq"
      },
      {
        "action-type": "RELATED",
        "entity-type": "cluster",
        "entity-uri": null,
        "identifier": "ocid1.cluster.oc1.ap-chuncheon-1.aaaaaaaa55n4r2psb7y2j46agsng53p3jtatmfrjqhlt7d2enc5pqnu4mrba"
      }
    ],
    "status": "FAILED",
    "time-accepted": "2026-05-06T00:42:27+00:00",
    "time-finished": "2026-05-06T00:43:46+00:00",
    "time-started": "2026-05-06T00:42:41+00:00"
  }
}
------------------------------
[17:49:01] 시도 #84 시작...
[17:50:41] 실패. 5분 후 재시도합니다...
----- 마지막 응답 (요약) -----
    "resources": [
      {
        "action-type": "FAILED",
        "entity-type": "nodepool",
        "entity-uri": null,
        "identifier": "ocid1.nodepool.oc1.ap-chuncheon-1.aaaaaaaa7c7tsrzjk5suj57hsfr7ckdhhzahnuivyfnoingcrn7zxvhz7jlq"
      },
      {
        "action-type": "RELATED",
        "entity-type": "cluster",
        "entity-uri": null,
        "identifier": "ocid1.cluster.oc1.ap-chuncheon-1.aaaaaaaa55n4r2psb7y2j46agsng53p3jtatmfrjqhlt7d2enc5pqnu4mrba"
      }
    ],
    "status": "FAILED",
    "time-accepted": "2026-05-06T00:49:04+00:00",
    "time-finished": "2026-05-06T00:50:22+00:00",
    "time-started": "2026-05-06T00:49:18+00:00"
  }
}
------------------------------
[17:55:41] 시도 #85 시작...
[17:57:18] 실패. 5분 후 재시도합니다...
----- 마지막 응답 (요약) -----
    "resources": [
      {
        "action-type": "FAILED",
        "entity-type": "nodepool",
        "entity-uri": null,
        "identifier": "ocid1.nodepool.oc1.ap-chuncheon-1.aaaaaaaa7vpd6mlrx6cv5fynr55xfawx7m44bokuvqqe2tzuqnpxrxl55kma"
      },
      {
        "action-type": "RELATED",
        "entity-type": "cluster",
        "entity-uri": null,
        "identifier": "ocid1.cluster.oc1.ap-chuncheon-1.aaaaaaaa55n4r2psb7y2j46agsng53p3jtatmfrjqhlt7d2enc5pqnu4mrba"
      }
    ],
    "status": "FAILED",
    "time-accepted": "2026-05-06T00:55:43+00:00",
    "time-finished": "2026-05-06T00:57:00+00:00",
    "time-started": "2026-05-06T00:55:56+00:00"
  }
}
------------------------------
[18:02:18] 시도 #86 시작...
[18:03:56] 실패. 5분 후 재시도합니다...
----- 마지막 응답 (요약) -----
    "resources": [
      {
        "action-type": "FAILED",
        "entity-type": "nodepool",
        "entity-uri": null,
        "identifier": "ocid1.nodepool.oc1.ap-chuncheon-1.aaaaaaaadb5fdfndpwxx75yvf73y5hhs7y33bzalsjequ3oetnyagiq362cq"
      },
      {
        "action-type": "RELATED",
        "entity-type": "cluster",
        "entity-uri": null,
        "identifier": "ocid1.cluster.oc1.ap-chuncheon-1.aaaaaaaa55n4r2psb7y2j46agsng53p3jtatmfrjqhlt7d2enc5pqnu4mrba"
      }
    ],
    "status": "FAILED",
    "time-accepted": "2026-05-06T01:02:20+00:00",
    "time-finished": "2026-05-06T01:03:38+00:00",
    "time-started": "2026-05-06T01:02:33+00:00"
  }
}
------------------------------
[18:08:56] 시도 #87 시작...
[18:10:34] 실패. 5분 후 재시도합니다...
----- 마지막 응답 (요약) -----
    "resources": [
      {
        "action-type": "FAILED",
        "entity-type": "nodepool",
        "entity-uri": null,
        "identifier": "ocid1.nodepool.oc1.ap-chuncheon-1.aaaaaaaaq4cf3iizmdneevnmm2a52bft5qz5k5sixbbyqjde4nditqetelca"
      },
      {
        "action-type": "RELATED",
        "entity-type": "cluster",
        "entity-uri": null,
        "identifier": "ocid1.cluster.oc1.ap-chuncheon-1.aaaaaaaa55n4r2psb7y2j46agsng53p3jtatmfrjqhlt7d2enc5pqnu4mrba"
      }
    ],
    "status": "FAILED",
    "time-accepted": "2026-05-06T01:08:59+00:00",
    "time-finished": "2026-05-06T01:10:05+00:00",
    "time-started": "2026-05-06T01:09:01+00:00"
  }
}
------------------------------
[18:15:34] 시도 #88 시작...
[18:17:12] 실패. 5분 후 재시도합니다...
----- 마지막 응답 (요약) -----
    "resources": [
      {
        "action-type": "FAILED",
        "entity-type": "nodepool",
        "entity-uri": null,
        "identifier": "ocid1.nodepool.oc1.ap-chuncheon-1.aaaaaaaag6tjrvi3pnbi6nut4f5sni2xygrvgkjlrqimzootxn3izhinqw4q"
      },
      {
        "action-type": "RELATED",
        "entity-type": "cluster",
        "entity-uri": null,
        "identifier": "ocid1.cluster.oc1.ap-chuncheon-1.aaaaaaaa55n4r2psb7y2j46agsng53p3jtatmfrjqhlt7d2enc5pqnu4mrba"
      }
    ],
    "status": "FAILED",
    "time-accepted": "2026-05-06T01:15:36+00:00",
    "time-finished": "2026-05-06T01:17:00+00:00",
    "time-started": "2026-05-06T01:15:55+00:00"
  }
}
------------------------------
[18:22:12] 시도 #89 시작...
[18:23:51] 실패. 5분 후 재시도합니다...
----- 마지막 응답 (요약) -----
    "resources": [
      {
        "action-type": "FAILED",
        "entity-type": "nodepool",
        "entity-uri": null,
        "identifier": "ocid1.nodepool.oc1.ap-chuncheon-1.aaaaaaaan3cyk4y73q7lsisd567k6q6fuyyyq7zpijv6abmmrnr3xknsyvxa"
      },
      {
        "action-type": "RELATED",
        "entity-type": "cluster",
        "entity-uri": null,
        "identifier": "ocid1.cluster.oc1.ap-chuncheon-1.aaaaaaaa55n4r2psb7y2j46agsng53p3jtatmfrjqhlt7d2enc5pqnu4mrba"
      }
    ],
    "status": "FAILED",
    "time-accepted": "2026-05-06T01:22:14+00:00",
    "time-finished": "2026-05-06T01:23:25+00:00",
    "time-started": "2026-05-06T01:22:20+00:00"
  }
}
------------------------------
[18:28:51] 시도 #90 시작...
[18:30:27] 실패. 5분 후 재시도합니다...
----- 마지막 응답 (요약) -----
    "resources": [
      {
        "action-type": "FAILED",
        "entity-type": "nodepool",
        "entity-uri": null,
        "identifier": "ocid1.nodepool.oc1.ap-chuncheon-1.aaaaaaaahv6fvea2rl7epyfz43zkyix6q66ixdt5nexv4b5kqnjeb4newmba"
      },
      {
        "action-type": "RELATED",
        "entity-type": "cluster",
        "entity-uri": null,
        "identifier": "ocid1.cluster.oc1.ap-chuncheon-1.aaaaaaaa55n4r2psb7y2j46agsng53p3jtatmfrjqhlt7d2enc5pqnu4mrba"
      }
    ],
    "status": "FAILED",
    "time-accepted": "2026-05-06T01:28:53+00:00",
    "time-finished": "2026-05-06T01:30:04+00:00",
    "time-started": "2026-05-06T01:28:59+00:00"
  }
}
------------------------------
[18:35:27] 시도 #91 시작...
[18:37:05] 실패. 5분 후 재시도합니다...
----- 마지막 응답 (요약) -----
    "resources": [
      {
        "action-type": "FAILED",
        "entity-type": "nodepool",
        "entity-uri": null,
        "identifier": "ocid1.nodepool.oc1.ap-chuncheon-1.aaaaaaaa77rk2gn5nnx5idvahkfkt2ol4ea5jhm5jqwbris43nolulgmfsdq"
      },
      {
        "action-type": "RELATED",
        "entity-type": "cluster",
        "entity-uri": null,
        "identifier": "ocid1.cluster.oc1.ap-chuncheon-1.aaaaaaaa55n4r2psb7y2j46agsng53p3jtatmfrjqhlt7d2enc5pqnu4mrba"
      }
    ],
    "status": "FAILED",
    "time-accepted": "2026-05-06T01:35:29+00:00",
    "time-finished": "2026-05-06T01:36:41+00:00",
    "time-started": "2026-05-06T01:35:36+00:00"
  }
}
------------------------------
[18:42:05] 시도 #92 시작...
[18:43:41] 실패. 5분 후 재시도합니다...
----- 마지막 응답 (요약) -----
    "resources": [
      {
        "action-type": "FAILED",
        "entity-type": "nodepool",
        "entity-uri": null,
        "identifier": "ocid1.nodepool.oc1.ap-chuncheon-1.aaaaaaaaplcgj6u4d65qkuvy7f7mn5ujifcud2qntdv2bsufznmp3zpdooua"
      },
      {
        "action-type": "RELATED",
        "entity-type": "cluster",
        "entity-uri": null,
        "identifier": "ocid1.cluster.oc1.ap-chuncheon-1.aaaaaaaa55n4r2psb7y2j46agsng53p3jtatmfrjqhlt7d2enc5pqnu4mrba"
      }
    ],
    "status": "FAILED",
    "time-accepted": "2026-05-06T01:42:07+00:00",
    "time-finished": "2026-05-06T01:43:31+00:00",
    "time-started": "2026-05-06T01:42:27+00:00"
  }
}
------------------------------
[18:48:41] 시도 #93 시작...
[18:50:20] 실패. 5분 후 재시도합니다...
----- 마지막 응답 (요약) -----
    "resources": [
      {
        "action-type": "FAILED",
        "entity-type": "nodepool",
        "entity-uri": null,
        "identifier": "ocid1.nodepool.oc1.ap-chuncheon-1.aaaaaaaa4lw5pk5un2rmqapmpcq33em7gupev4s62rlx2ubvjnlcgzgapnla"
      },
      {
        "action-type": "RELATED",
        "entity-type": "cluster",
        "entity-uri": null,
        "identifier": "ocid1.cluster.oc1.ap-chuncheon-1.aaaaaaaa55n4r2psb7y2j46agsng53p3jtatmfrjqhlt7d2enc5pqnu4mrba"
      }
    ],
    "status": "FAILED",
    "time-accepted": "2026-05-06T01:48:43+00:00",
    "time-finished": "2026-05-06T01:49:54+00:00",
    "time-started": "2026-05-06T01:48:50+00:00"
  }
}
------------------------------
[18:55:20] 시도 #94 시작...
[18:56:56] 실패. 5분 후 재시도합니다...
----- 마지막 응답 (요약) -----
    "resources": [
      {
        "action-type": "FAILED",
        "entity-type": "nodepool",
        "entity-uri": null,
        "identifier": "ocid1.nodepool.oc1.ap-chuncheon-1.aaaaaaaaryhimkx5vmb2llvlkwu2ubezxrdvdgvnumjgoyo55np77x462zja"
      },
      {
        "action-type": "RELATED",
        "entity-type": "cluster",
        "entity-uri": null,
        "identifier": "ocid1.cluster.oc1.ap-chuncheon-1.aaaaaaaa55n4r2psb7y2j46agsng53p3jtatmfrjqhlt7d2enc5pqnu4mrba"
      }
    ],
    "status": "FAILED",
    "time-accepted": "2026-05-06T01:55:22+00:00",
    "time-finished": "2026-05-06T01:56:33+00:00",
    "time-started": "2026-05-06T01:55:29+00:00"
  }
}
------------------------------
[19:01:56] 시도 #95 시작...
[19:03:32] 실패. 5분 후 재시도합니다...
----- 마지막 응답 (요약) -----
    "resources": [
      {
        "action-type": "FAILED",
        "entity-type": "nodepool",
        "entity-uri": null,
        "identifier": "ocid1.nodepool.oc1.ap-chuncheon-1.aaaaaaaavtcak6yhf7ozpa7yxkasvpuql6qjhn4eze7ufrz6knbjvhurca4q"
      },
      {
        "action-type": "RELATED",
        "entity-type": "cluster",
        "entity-uri": null,
        "identifier": "ocid1.cluster.oc1.ap-chuncheon-1.aaaaaaaa55n4r2psb7y2j46agsng53p3jtatmfrjqhlt7d2enc5pqnu4mrba"
      }
    ],
    "status": "FAILED",
    "time-accepted": "2026-05-06T02:01:58+00:00",
    "time-finished": "2026-05-06T02:03:23+00:00",
    "time-started": "2026-05-06T02:02:18+00:00"
  }
}
------------------------------
[19:08:32] 시도 #96 시작...
[19:10:09] 실패. 5분 후 재시도합니다...
----- 마지막 응답 (요약) -----
    "resources": [
      {
        "action-type": "FAILED",
        "entity-type": "nodepool",
        "entity-uri": null,
        "identifier": "ocid1.nodepool.oc1.ap-chuncheon-1.aaaaaaaaaiveenlv6dp6t6a76igigbsroybdorpha5f6lzx4dnuqvkietqba"
      },
      {
        "action-type": "RELATED",
        "entity-type": "cluster",
        "entity-uri": null,
        "identifier": "ocid1.cluster.oc1.ap-chuncheon-1.aaaaaaaa55n4r2psb7y2j46agsng53p3jtatmfrjqhlt7d2enc5pqnu4mrba"
      }
    ],
    "status": "FAILED",
    "time-accepted": "2026-05-06T02:08:34+00:00",
    "time-finished": "2026-05-06T02:09:48+00:00",
    "time-started": "2026-05-06T02:08:44+00:00"
  }
}
------------------------------
[19:15:09] 시도 #97 시작...
[19:16:47] 실패. 5분 후 재시도합니다...
----- 마지막 응답 (요약) -----
    "resources": [
      {
        "action-type": "FAILED",
        "entity-type": "nodepool",
        "entity-uri": null,
        "identifier": "ocid1.nodepool.oc1.ap-chuncheon-1.aaaaaaaajpg6ncitoka3tuiou2txh2nc6htl4ewv4tjmqisuzn2yj34mgmxa"
      },
      {
        "action-type": "RELATED",
        "entity-type": "cluster",
        "entity-uri": null,
        "identifier": "ocid1.cluster.oc1.ap-chuncheon-1.aaaaaaaa55n4r2psb7y2j46agsng53p3jtatmfrjqhlt7d2enc5pqnu4mrba"
      }
    ],
    "status": "FAILED",
    "time-accepted": "2026-05-06T02:15:11+00:00",
    "time-finished": "2026-05-06T02:16:26+00:00",
    "time-started": "2026-05-06T02:15:21+00:00"
  }
}
------------------------------
[19:21:47] 시도 #98 시작...
[19:23:25] 실패. 5분 후 재시도합니다...
----- 마지막 응답 (요약) -----
    "resources": [
      {
        "action-type": "FAILED",
        "entity-type": "nodepool",
        "entity-uri": null,
        "identifier": "ocid1.nodepool.oc1.ap-chuncheon-1.aaaaaaaadtionwnjikfkqyz74sm6ikp4eazbisfzmceftm4zrn6wp5zcgaja"
      },
      {
        "action-type": "RELATED",
        "entity-type": "cluster",
        "entity-uri": null,
        "identifier": "ocid1.cluster.oc1.ap-chuncheon-1.aaaaaaaa55n4r2psb7y2j46agsng53p3jtatmfrjqhlt7d2enc5pqnu4mrba"
      }
    ],
    "status": "FAILED",
    "time-accepted": "2026-05-06T02:21:49+00:00",
    "time-finished": "2026-05-06T02:23:04+00:00",
    "time-started": "2026-05-06T02:21:59+00:00"
  }
}
------------------------------
[19:28:25] 시도 #99 시작...
[19:30:02] 실패. 5분 후 재시도합니다...
----- 마지막 응답 (요약) -----
    "resources": [
      {
        "action-type": "FAILED",
        "entity-type": "nodepool",
        "entity-uri": null,
        "identifier": "ocid1.nodepool.oc1.ap-chuncheon-1.aaaaaaaajki34vs5slyg26272tcnamsp4bxyq75wksoks434wndzzvog74ma"
      },
      {
        "action-type": "RELATED",
        "entity-type": "cluster",
        "entity-uri": null,
        "identifier": "ocid1.cluster.oc1.ap-chuncheon-1.aaaaaaaa55n4r2psb7y2j46agsng53p3jtatmfrjqhlt7d2enc5pqnu4mrba"
      }
    ],
    "status": "FAILED",
    "time-accepted": "2026-05-06T02:28:27+00:00",
    "time-finished": "2026-05-06T02:29:45+00:00",
    "time-started": "2026-05-06T02:28:40+00:00"
  }
}
------------------------------
[19:35:02] 시도 #100 시작...
[19:36:41] 실패. 5분 후 재시도합니다...
----- 마지막 응답 (요약) -----
    "resources": [
      {
        "action-type": "FAILED",
        "entity-type": "nodepool",
        "entity-uri": null,
        "identifier": "ocid1.nodepool.oc1.ap-chuncheon-1.aaaaaaaaou5emyyxoif6tuv72dhfjziwzyc7bamqcsqoee63snpwe4fjg5vq"
      },
      {
        "action-type": "RELATED",
        "entity-type": "cluster",
        "entity-uri": null,
        "identifier": "ocid1.cluster.oc1.ap-chuncheon-1.aaaaaaaa55n4r2psb7y2j46agsng53p3jtatmfrjqhlt7d2enc5pqnu4mrba"
      }
    ],
    "status": "FAILED",
    "time-accepted": "2026-05-06T02:35:04+00:00",
    "time-finished": "2026-05-06T02:36:24+00:00",
    "time-started": "2026-05-06T02:35:19+00:00"
  }
}
------------------------------
[19:41:41] 시도 #101 시작...
[19:43:17] 실패. 5분 후 재시도합니다...
----- 마지막 응답 (요약) -----
    "resources": [
      {
        "action-type": "FAILED",
        "entity-type": "nodepool",
        "entity-uri": null,
        "identifier": "ocid1.nodepool.oc1.ap-chuncheon-1.aaaaaaaa27ixdaxsmhdtlnla74tigti6pplfxphims3qpkutgnt4kvopj4ba"
      },
      {
        "action-type": "RELATED",
        "entity-type": "cluster",
        "entity-uri": null,
        "identifier": "ocid1.cluster.oc1.ap-chuncheon-1.aaaaaaaa55n4r2psb7y2j46agsng53p3jtatmfrjqhlt7d2enc5pqnu4mrba"
      }
    ],
    "status": "FAILED",
    "time-accepted": "2026-05-06T02:41:43+00:00",
    "time-finished": "2026-05-06T02:43:01+00:00",
    "time-started": "2026-05-06T02:41:56+00:00"
  }
}
------------------------------
[19:48:17] 시도 #102 시작...
[19:49:54] 실패. 5분 후 재시도합니다...
----- 마지막 응답 (요약) -----
    "resources": [
      {
        "action-type": "FAILED",
        "entity-type": "nodepool",
        "entity-uri": null,
        "identifier": "ocid1.nodepool.oc1.ap-chuncheon-1.aaaaaaaaepdtkqpgwkp7g74sljyec4asnsueqh4cye6eha6dynlkd5pvdrbq"
      },
      {
        "action-type": "RELATED",
        "entity-type": "cluster",
        "entity-uri": null,
        "identifier": "ocid1.cluster.oc1.ap-chuncheon-1.aaaaaaaa55n4r2psb7y2j46agsng53p3jtatmfrjqhlt7d2enc5pqnu4mrba"
      }
    ],
    "status": "FAILED",
    "time-accepted": "2026-05-06T02:48:19+00:00",
    "time-finished": "2026-05-06T02:49:38+00:00",
    "time-started": "2026-05-06T02:48:33+00:00"
  }
}
------------------------------
[19:54:54] 시도 #103 시작...
[19:56:30] 실패. 5분 후 재시도합니다...
----- 마지막 응답 (요약) -----
    "resources": [
      {
        "action-type": "FAILED",
        "entity-type": "nodepool",
        "entity-uri": null,
        "identifier": "ocid1.nodepool.oc1.ap-chuncheon-1.aaaaaaaak7uotz5xkwkqmwpvxfmzapfrq5qeqkzrorbgxhckwnjo3ufq2u5q"
      },
      {
        "action-type": "RELATED",
        "entity-type": "cluster",
        "entity-uri": null,
        "identifier": "ocid1.cluster.oc1.ap-chuncheon-1.aaaaaaaa55n4r2psb7y2j46agsng53p3jtatmfrjqhlt7d2enc5pqnu4mrba"
      }
    ],
    "status": "FAILED",
    "time-accepted": "2026-05-06T02:54:56+00:00",
    "time-finished": "2026-05-06T02:56:16+00:00",
    "time-started": "2026-05-06T02:55:11+00:00"
  }
}
------------------------------
[20:01:31] 시도 #104 시작...
[20:03:07] 실패. 5분 후 재시도합니다...
----- 마지막 응답 (요약) -----
    "resources": [
      {
        "action-type": "FAILED",
        "entity-type": "nodepool",
        "entity-uri": null,
        "identifier": "ocid1.nodepool.oc1.ap-chuncheon-1.aaaaaaaa6j7d52fsmxydpbb62dn2mqnp2s3vmy44xbotwvav4nf7xzubghea"
      },
      {
        "action-type": "RELATED",
        "entity-type": "cluster",
        "entity-uri": null,
        "identifier": "ocid1.cluster.oc1.ap-chuncheon-1.aaaaaaaa55n4r2psb7y2j46agsng53p3jtatmfrjqhlt7d2enc5pqnu4mrba"
      }
    ],
    "status": "FAILED",
    "time-accepted": "2026-05-06T03:01:32+00:00",
    "time-finished": "2026-05-06T03:02:53+00:00",
    "time-started": "2026-05-06T03:01:48+00:00"
  }
}
------------------------------
[20:08:07] 시도 #105 시작...
[20:09:44] 실패. 5분 후 재시도합니다...
----- 마지막 응답 (요약) -----
    "resources": [
      {
        "action-type": "FAILED",
        "entity-type": "nodepool",
        "entity-uri": null,
        "identifier": "ocid1.nodepool.oc1.ap-chuncheon-1.aaaaaaaa346bgelmxh4pgnz4xpf37jwuposvbcqkv2oc2gcetnvetdeush5q"
      },
      {
        "action-type": "RELATED",
        "entity-type": "cluster",
        "entity-uri": null,
        "identifier": "ocid1.cluster.oc1.ap-chuncheon-1.aaaaaaaa55n4r2psb7y2j46agsng53p3jtatmfrjqhlt7d2enc5pqnu4mrba"
      }
    ],
    "status": "FAILED",
    "time-accepted": "2026-05-06T03:08:09+00:00",
    "time-finished": "2026-05-06T03:09:20+00:00",
    "time-started": "2026-05-06T03:08:16+00:00"
  }
}
------------------------------
[20:14:44] 시도 #106 시작...
[20:16:23] 실패. 5분 후 재시도합니다...
----- 마지막 응답 (요약) -----
    "resources": [
      {
        "action-type": "FAILED",
        "entity-type": "nodepool",
        "entity-uri": null,
        "identifier": "ocid1.nodepool.oc1.ap-chuncheon-1.aaaaaaaa7akhmbqqtpkwlw4k6gunt2rip4oeixa2bbd2oyei3njkamnk34ra"
      },
      {
        "action-type": "RELATED",
        "entity-type": "cluster",
        "entity-uri": null,
        "identifier": "ocid1.cluster.oc1.ap-chuncheon-1.aaaaaaaa55n4r2psb7y2j46agsng53p3jtatmfrjqhlt7d2enc5pqnu4mrba"
      }
    ],
    "status": "FAILED",
    "time-accepted": "2026-05-06T03:14:46+00:00",
    "time-finished": "2026-05-06T03:15:59+00:00",
    "time-started": "2026-05-06T03:14:54+00:00"
  }
}
------------------------------
[20:21:23] 시도 #107 시작...
[20:23:02] 실패. 5분 후 재시도합니다...
----- 마지막 응답 (요약) -----
    "resources": [
      {
        "action-type": "FAILED",
        "entity-type": "nodepool",
        "entity-uri": null,
        "identifier": "ocid1.nodepool.oc1.ap-chuncheon-1.aaaaaaaa3pnt3xex4lvhf3s7zhoykmazo7syhr7a4xzqet7bcnm5a2lfv4la"
      },
      {
        "action-type": "RELATED",
        "entity-type": "cluster",
        "entity-uri": null,
        "identifier": "ocid1.cluster.oc1.ap-chuncheon-1.aaaaaaaa55n4r2psb7y2j46agsng53p3jtatmfrjqhlt7d2enc5pqnu4mrba"
      }
    ],
    "status": "FAILED",
    "time-accepted": "2026-05-06T03:21:25+00:00",
    "time-finished": "2026-05-06T03:22:39+00:00",
    "time-started": "2026-05-06T03:21:34+00:00"
  }
}
------------------------------
[20:28:02] 시도 #108 시작...
[20:29:40] 실패. 5분 후 재시도합니다...
----- 마지막 응답 (요약) -----
    "resources": [
      {
        "action-type": "FAILED",
        "entity-type": "nodepool",
        "entity-uri": null,
        "identifier": "ocid1.nodepool.oc1.ap-chuncheon-1.aaaaaaaapxiuyc7frllj2pwtzrx2zqwljxgvijrvn35xwa6mfnk6snbivfiq"
      },
      {
        "action-type": "RELATED",
        "entity-type": "cluster",
        "entity-uri": null,
        "identifier": "ocid1.cluster.oc1.ap-chuncheon-1.aaaaaaaa55n4r2psb7y2j46agsng53p3jtatmfrjqhlt7d2enc5pqnu4mrba"
      }
    ],
    "status": "FAILED",
    "time-accepted": "2026-05-06T03:28:04+00:00",
    "time-finished": "2026-05-06T03:29:17+00:00",
    "time-started": "2026-05-06T03:28:12+00:00"
  }
}
------------------------------
[20:34:40] 시도 #109 시작...
[20:34:58] 실패. 5분 후 재시도합니다...
----- 마지막 응답 (요약) -----
    "resources": [
      {
        "action-type": "FAILED",
        "entity-type": "nodepool",
        "entity-uri": null,
        "identifier": "ocid1.nodepool.oc1.ap-chuncheon-1.aaaaaaaao6gmui33sesaxfajj2xqgph5z2xg7hoph3kwiseycntr3furbe7q"
      },
      {
        "action-type": "RELATED",
        "entity-type": "cluster",
        "entity-uri": null,
        "identifier": "ocid1.cluster.oc1.ap-chuncheon-1.aaaaaaaa55n4r2psb7y2j46agsng53p3jtatmfrjqhlt7d2enc5pqnu4mrba"
      }
    ],
    "status": "FAILED",
    "time-accepted": "2026-05-06T03:34:42+00:00",
    "time-finished": "2026-05-06T03:34:53+00:00",
    "time-started": "2026-05-06T03:34:51+00:00"
  }
}
------------------------------
[20:39:58] 시도 #110 시작...
[20:41:37] 실패. 5분 후 재시도합니다...
----- 마지막 응답 (요약) -----
    "resources": [
      {
        "action-type": "FAILED",
        "entity-type": "nodepool",
        "entity-uri": null,
        "identifier": "ocid1.nodepool.oc1.ap-chuncheon-1.aaaaaaaajisyjjihgmxcapchxlv4luefswgy5jtjrwcnz3ehxnllcuqbc4ga"
      },
      {
        "action-type": "RELATED",
        "entity-type": "cluster",
        "entity-uri": null,
        "identifier": "ocid1.cluster.oc1.ap-chuncheon-1.aaaaaaaa55n4r2psb7y2j46agsng53p3jtatmfrjqhlt7d2enc5pqnu4mrba"
      }
    ],
    "status": "FAILED",
    "time-accepted": "2026-05-06T03:40:00+00:00",
    "time-finished": "2026-05-06T03:41:19+00:00",
    "time-started": "2026-05-06T03:40:14+00:00"
  }
}
------------------------------
[20:46:37] 시도 #111 시작...
[20:48:14] 실패. 5분 후 재시도합니다...
----- 마지막 응답 (요약) -----
    "resources": [
      {
        "action-type": "FAILED",
        "entity-type": "nodepool",
        "entity-uri": null,
        "identifier": "ocid1.nodepool.oc1.ap-chuncheon-1.aaaaaaaaxkezlf27evd557o6htko5ovqx4zxusg2mjjhizrjhndm4nbh6fia"
      },
      {
        "action-type": "RELATED",
        "entity-type": "cluster",
        "entity-uri": null,
        "identifier": "ocid1.cluster.oc1.ap-chuncheon-1.aaaaaaaa55n4r2psb7y2j46agsng53p3jtatmfrjqhlt7d2enc5pqnu4mrba"
      }
    ],
    "status": "FAILED",
    "time-accepted": "2026-05-06T03:46:39+00:00",
    "time-finished": "2026-05-06T03:47:58+00:00",
    "time-started": "2026-05-06T03:46:54+00:00"
  }
}
------------------------------
[20:53:14] 시도 #112 시작...
[20:54:51] 실패. 5분 후 재시도합니다...
----- 마지막 응답 (요약) -----
    "resources": [
      {
        "action-type": "FAILED",
        "entity-type": "nodepool",
        "entity-uri": null,
        "identifier": "ocid1.nodepool.oc1.ap-chuncheon-1.aaaaaaaatgj2xjfh7lyrdazwt7fb4kulcu5gkgh6sjzl5mymcnmlngob7rkq"
      },
      {
        "action-type": "RELATED",
        "entity-type": "cluster",
        "entity-uri": null,
        "identifier": "ocid1.cluster.oc1.ap-chuncheon-1.aaaaaaaa55n4r2psb7y2j46agsng53p3jtatmfrjqhlt7d2enc5pqnu4mrba"
      }
    ],
    "status": "FAILED",
    "time-accepted": "2026-05-06T03:53:16+00:00",
    "time-finished": "2026-05-06T03:54:37+00:00",
    "time-started": "2026-05-06T03:53:32+00:00"
  }
}
------------------------------
[20:59:51] 시도 #113 시작...
[21:01:28] 실패. 5분 후 재시도합니다...
----- 마지막 응답 (요약) -----
    "resources": [
      {
        "action-type": "FAILED",
        "entity-type": "nodepool",
        "entity-uri": null,
        "identifier": "ocid1.nodepool.oc1.ap-chuncheon-1.aaaaaaaa2ht7eqvnfoebw2n53ze2yhksvdvh3gched3k2afjyntzvjenooxq"
      },
      {
        "action-type": "RELATED",
        "entity-type": "cluster",
        "entity-uri": null,
        "identifier": "ocid1.cluster.oc1.ap-chuncheon-1.aaaaaaaa55n4r2psb7y2j46agsng53p3jtatmfrjqhlt7d2enc5pqnu4mrba"
      }
    ],
    "status": "FAILED",
    "time-accepted": "2026-05-06T03:59:54+00:00",
    "time-finished": "2026-05-06T04:01:13+00:00",
    "time-started": "2026-05-06T04:00:09+00:00"
  }
}
------------------------------
[21:06:28] 시도 #114 시작...
[21:08:08] 실패. 5분 후 재시도합니다...
----- 마지막 응답 (요약) -----
    "resources": [
      {
        "action-type": "FAILED",
        "entity-type": "nodepool",
        "entity-uri": null,
        "identifier": "ocid1.nodepool.oc1.ap-chuncheon-1.aaaaaaaao4vqzd7ut2z5jge3truklejtyxmb3wmf7dgguwmtrn6frggch4fa"
      },
      {
        "action-type": "RELATED",
        "entity-type": "cluster",
        "entity-uri": null,
        "identifier": "ocid1.cluster.oc1.ap-chuncheon-1.aaaaaaaa55n4r2psb7y2j46agsng53p3jtatmfrjqhlt7d2enc5pqnu4mrba"
      }
    ],
    "status": "FAILED",
    "time-accepted": "2026-05-06T04:06:31+00:00",
    "time-finished": "2026-05-06T04:07:52+00:00",
    "time-started": "2026-05-06T04:06:48+00:00"
  }
}
------------------------------
[21:13:08] 시도 #115 시작...
[21:14:46] 실패. 5분 후 재시도합니다...
----- 마지막 응답 (요약) -----
    "resources": [
      {
        "action-type": "FAILED",
        "entity-type": "nodepool",
        "entity-uri": null,
        "identifier": "ocid1.nodepool.oc1.ap-chuncheon-1.aaaaaaaawmix4wcwprttgcxa3d6m37ustgybirtgmrbu4k65wnpnzm4ofwya"
      },
      {
        "action-type": "RELATED",
        "entity-type": "cluster",
        "entity-uri": null,
        "identifier": "ocid1.cluster.oc1.ap-chuncheon-1.aaaaaaaa55n4r2psb7y2j46agsng53p3jtatmfrjqhlt7d2enc5pqnu4mrba"
      }
    ],
    "status": "FAILED",
    "time-accepted": "2026-05-06T04:13:10+00:00",
    "time-finished": "2026-05-06T04:14:29+00:00",
    "time-started": "2026-05-06T04:13:24+00:00"
  }
}
------------------------------
[21:19:46] 시도 #116 시작...
[21:21:23] 실패. 5분 후 재시도합니다...
----- 마지막 응답 (요약) -----
    "resources": [
      {
        "action-type": "FAILED",
        "entity-type": "nodepool",
        "entity-uri": null,
        "identifier": "ocid1.nodepool.oc1.ap-chuncheon-1.aaaaaaaagnt2mo2hrcdosnsaqf72fqarckrew4aa7hzheqzlannbyxj3gvda"
      },
      {
        "action-type": "RELATED",
        "entity-type": "cluster",
        "entity-uri": null,
        "identifier": "ocid1.cluster.oc1.ap-chuncheon-1.aaaaaaaa55n4r2psb7y2j46agsng53p3jtatmfrjqhlt7d2enc5pqnu4mrba"
      }
    ],
    "status": "FAILED",
    "time-accepted": "2026-05-06T04:19:48+00:00",
    "time-finished": "2026-05-06T04:21:05+00:00",
    "time-started": "2026-05-06T04:20:00+00:00"
  }
}
------------------------------
[21:26:23] 시도 #117 시작...
[21:28:02] 실패. 5분 후 재시도합니다...
----- 마지막 응답 (요약) -----
    "resources": [
      {
        "action-type": "FAILED",
        "entity-type": "nodepool",
        "entity-uri": null,
        "identifier": "ocid1.nodepool.oc1.ap-chuncheon-1.aaaaaaaa3zituj5wiy5ttdggl74iipxxmwbvzdzcpvvgyhznjngieabwpswq"
      },
      {
        "action-type": "RELATED",
        "entity-type": "cluster",
        "entity-uri": null,
        "identifier": "ocid1.cluster.oc1.ap-chuncheon-1.aaaaaaaa55n4r2psb7y2j46agsng53p3jtatmfrjqhlt7d2enc5pqnu4mrba"
      }
    ],
    "status": "FAILED",
    "time-accepted": "2026-05-06T04:26:25+00:00",
    "time-finished": "2026-05-06T04:27:43+00:00",
    "time-started": "2026-05-06T04:26:38+00:00"
  }
}
------------------------------
[21:33:02] 시도 #118 시작...
[21:34:39] 실패. 5분 후 재시도합니다...
----- 마지막 응답 (요약) -----
    "resources": [
      {
        "action-type": "FAILED",
        "entity-type": "nodepool",
        "entity-uri": null,
        "identifier": "ocid1.nodepool.oc1.ap-chuncheon-1.aaaaaaaaasoa4beh7udhlhulxh6vqerg6dqzq3b3padda6hx3ngnkgg22ira"
      },
      {
        "action-type": "RELATED",
        "entity-type": "cluster",
        "entity-uri": null,
        "identifier": "ocid1.cluster.oc1.ap-chuncheon-1.aaaaaaaa55n4r2psb7y2j46agsng53p3jtatmfrjqhlt7d2enc5pqnu4mrba"
      }
    ],
    "status": "FAILED",
    "time-accepted": "2026-05-06T04:33:04+00:00",
    "time-finished": "2026-05-06T04:34:23+00:00",
    "time-started": "2026-05-06T04:33:19+00:00"
  }
}
------------------------------
[21:39:39] 시도 #119 시작...
[21:41:15] 실패. 5분 후 재시도합니다...
----- 마지막 응답 (요약) -----
    "resources": [
      {
        "action-type": "FAILED",
        "entity-type": "nodepool",
        "entity-uri": null,
        "identifier": "ocid1.nodepool.oc1.ap-chuncheon-1.aaaaaaaa7oo63vt6ac74s5bnlwhn5bkfzcm3ngmm2at2jqfkdnrbozvm5nra"
      },
      {
        "action-type": "RELATED",
        "entity-type": "cluster",
        "entity-uri": null,
        "identifier": "ocid1.cluster.oc1.ap-chuncheon-1.aaaaaaaa55n4r2psb7y2j46agsng53p3jtatmfrjqhlt7d2enc5pqnu4mrba"
      }
    ],
    "status": "FAILED",
    "time-accepted": "2026-05-06T04:39:41+00:00",
    "time-finished": "2026-05-06T04:41:02+00:00",
    "time-started": "2026-05-06T04:39:57+00:00"
  }
}
------------------------------
[21:46:15] 시도 #120 시작...
[21:47:53] 실패. 5분 후 재시도합니다...
----- 마지막 응답 (요약) -----
    "resources": [
      {
        "action-type": "FAILED",
        "entity-type": "nodepool",
        "entity-uri": null,
        "identifier": "ocid1.nodepool.oc1.ap-chuncheon-1.aaaaaaaahvylls3xdbdye6zuj6ywn67lrsf3fnomns3ivqa6xnl2s5z746ga"
      },
      {
        "action-type": "RELATED",
        "entity-type": "cluster",
        "entity-uri": null,
        "identifier": "ocid1.cluster.oc1.ap-chuncheon-1.aaaaaaaa55n4r2psb7y2j46agsng53p3jtatmfrjqhlt7d2enc5pqnu4mrba"
      }
    ],
    "status": "FAILED",
    "time-accepted": "2026-05-06T04:46:17+00:00",
    "time-finished": "2026-05-06T04:47:25+00:00",
    "time-started": "2026-05-06T04:46:21+00:00"
  }
}
------------------------------
[21:52:53] 시도 #121 시작...
[21:54:30] 실패. 5분 후 재시도합니다...
----- 마지막 응답 (요약) -----
    "resources": [
      {
        "action-type": "FAILED",
        "entity-type": "nodepool",
        "entity-uri": null,
        "identifier": "ocid1.nodepool.oc1.ap-chuncheon-1.aaaaaaaazxue6rmbp27r3bhwbadinptckn2e6hhdno2ykz3hvnlax6a4zgha"
      },
      {
        "action-type": "RELATED",
        "entity-type": "cluster",
        "entity-uri": null,
        "identifier": "ocid1.cluster.oc1.ap-chuncheon-1.aaaaaaaa55n4r2psb7y2j46agsng53p3jtatmfrjqhlt7d2enc5pqnu4mrba"
      }
    ],
    "status": "FAILED",
    "time-accepted": "2026-05-06T04:52:54+00:00",
    "time-finished": "2026-05-06T04:54:18+00:00",
    "time-started": "2026-05-06T04:53:14+00:00"
  }
}
------------------------------
[21:59:30] 시도 #122 시작...
[22:01:07] 실패. 5분 후 재시도합니다...
----- 마지막 응답 (요약) -----
    "resources": [
      {
        "action-type": "FAILED",
        "entity-type": "nodepool",
        "entity-uri": null,
        "identifier": "ocid1.nodepool.oc1.ap-chuncheon-1.aaaaaaaa66w2lxvnyr5w2lhig7hqm5rtbcy62etqtjdvuvh3nnirej7h2iva"
      },
      {
        "action-type": "RELATED",
        "entity-type": "cluster",
        "entity-uri": null,
        "identifier": "ocid1.cluster.oc1.ap-chuncheon-1.aaaaaaaa55n4r2psb7y2j46agsng53p3jtatmfrjqhlt7d2enc5pqnu4mrba"
      }
    ],
    "status": "FAILED",
    "time-accepted": "2026-05-06T04:59:31+00:00",
    "time-finished": "2026-05-06T05:00:55+00:00",
    "time-started": "2026-05-06T04:59:50+00:00"
  }
}
------------------------------
[22:06:07] 시도 #123 시작...
[22:07:45] 실패. 5분 후 재시도합니다...
----- 마지막 응답 (요약) -----
    "resources": [
      {
        "action-type": "FAILED",
        "entity-type": "nodepool",
        "entity-uri": null,
        "identifier": "ocid1.nodepool.oc1.ap-chuncheon-1.aaaaaaaap4y7gzgayfomxttje2zeyq3vqh6fzmblfoj3sfovcnkmd72kr6sa"
      },
      {
        "action-type": "RELATED",
        "entity-type": "cluster",
        "entity-uri": null,
        "identifier": "ocid1.cluster.oc1.ap-chuncheon-1.aaaaaaaa55n4r2psb7y2j46agsng53p3jtatmfrjqhlt7d2enc5pqnu4mrba"
      }
    ],
    "status": "FAILED",
    "time-accepted": "2026-05-06T05:06:09+00:00",
    "time-finished": "2026-05-06T05:07:24+00:00",
    "time-started": "2026-05-06T05:06:19+00:00"
  }
}
------------------------------
[22:12:45] 시도 #124 시작...
[22:14:20] 실패. 5분 후 재시도합니다...
----- 마지막 응답 (요약) -----
    "resources": [
      {
        "action-type": "FAILED",
        "entity-type": "nodepool",
        "entity-uri": null,
        "identifier": "ocid1.nodepool.oc1.ap-chuncheon-1.aaaaaaaa67uiczyhmimxn2j4h2g5b3yr5zr6i4jjzfvfdj3vlnwrby4kwlga"
      },
      {
        "action-type": "RELATED",
        "entity-type": "cluster",
        "entity-uri": null,
        "identifier": "ocid1.cluster.oc1.ap-chuncheon-1.aaaaaaaa55n4r2psb7y2j46agsng53p3jtatmfrjqhlt7d2enc5pqnu4mrba"
      }
    ],
    "status": "FAILED",
    "time-accepted": "2026-05-06T05:12:46+00:00",
    "time-finished": "2026-05-06T05:14:01+00:00",
    "time-started": "2026-05-06T05:12:56+00:00"
  }
}
------------------------------
[22:19:21] 시도 #125 시작...
[22:20:59] 실패. 5분 후 재시도합니다...
----- 마지막 응답 (요약) -----
    "resources": [
      {
        "action-type": "FAILED",
        "entity-type": "nodepool",
        "entity-uri": null,
        "identifier": "ocid1.nodepool.oc1.ap-chuncheon-1.aaaaaaaa3sxru5lxn4feydsnzphlpgvdxn6srvdupveuem4a2ndqnaxmpksq"
      },
      {
        "action-type": "RELATED",
        "entity-type": "cluster",
        "entity-uri": null,
        "identifier": "ocid1.cluster.oc1.ap-chuncheon-1.aaaaaaaa55n4r2psb7y2j46agsng53p3jtatmfrjqhlt7d2enc5pqnu4mrba"
      }
    ],
    "status": "FAILED",
    "time-accepted": "2026-05-06T05:19:22+00:00",
    "time-finished": "2026-05-06T05:20:42+00:00",
    "time-started": "2026-05-06T05:19:37+00:00"
  }
}
------------------------------
[22:25:59] 시도 #126 시작...
[22:27:37] 실패. 5분 후 재시도합니다...
----- 마지막 응답 (요약) -----
    "resources": [
      {
        "action-type": "FAILED",
        "entity-type": "nodepool",
        "entity-uri": null,
        "identifier": "ocid1.nodepool.oc1.ap-chuncheon-1.aaaaaaaaab3jjoo2hh5nujhhseigbejikc6gvpttvz6lowpconjfn5vc4yrq"
      },
      {
        "action-type": "RELATED",
        "entity-type": "cluster",
        "entity-uri": null,
        "identifier": "ocid1.cluster.oc1.ap-chuncheon-1.aaaaaaaa55n4r2psb7y2j46agsng53p3jtatmfrjqhlt7d2enc5pqnu4mrba"
      }
    ],
    "status": "FAILED",
    "time-accepted": "2026-05-06T05:26:01+00:00",
    "time-finished": "2026-05-06T05:27:21+00:00",
    "time-started": "2026-05-06T05:26:16+00:00"
  }
}
------------------------------
[22:32:37] 시도 #127 시작...
[22:34:13] 실패. 5분 후 재시도합니다...
----- 마지막 응답 (요약) -----
    "resources": [
      {
        "action-type": "FAILED",
        "entity-type": "nodepool",
        "entity-uri": null,
        "identifier": "ocid1.nodepool.oc1.ap-chuncheon-1.aaaaaaaawar7hlf7pdm5ra6s2zc2plnuitzzc2o3ozlod5imjnkboggtt34q"
      },
      {
        "action-type": "RELATED",
        "entity-type": "cluster",
        "entity-uri": null,
        "identifier": "ocid1.cluster.oc1.ap-chuncheon-1.aaaaaaaa55n4r2psb7y2j46agsng53p3jtatmfrjqhlt7d2enc5pqnu4mrba"
      }
    ],
    "status": "FAILED",
    "time-accepted": "2026-05-06T05:32:39+00:00",
    "time-finished": "2026-05-06T05:33:59+00:00",
    "time-started": "2026-05-06T05:32:54+00:00"
  }
}
------------------------------
[22:39:13] 시도 #128 시작...
[22:40:51] 실패. 5분 후 재시도합니다...
----- 마지막 응답 (요약) -----
    "resources": [
      {
        "action-type": "FAILED",
        "entity-type": "nodepool",
        "entity-uri": null,
        "identifier": "ocid1.nodepool.oc1.ap-chuncheon-1.aaaaaaaapszvqkeilm6hes5i2pldvfzbkgri4hdjdwt5neutpnmsv6b5zbhq"
      },
      {
        "action-type": "RELATED",
        "entity-type": "cluster",
        "entity-uri": null,
        "identifier": "ocid1.cluster.oc1.ap-chuncheon-1.aaaaaaaa55n4r2psb7y2j46agsng53p3jtatmfrjqhlt7d2enc5pqnu4mrba"
      }
    ],
    "status": "FAILED",
    "time-accepted": "2026-05-06T05:39:15+00:00",
    "time-finished": "2026-05-06T05:40:35+00:00",
    "time-started": "2026-05-06T05:39:30+00:00"
  }
}
------------------------------
[22:45:51] 시도 #129 시작...
[22:47:31] 실패. 5분 후 재시도합니다...
----- 마지막 응답 (요약) -----
    "resources": [
      {
        "action-type": "FAILED",
        "entity-type": "nodepool",
        "entity-uri": null,
        "identifier": "ocid1.nodepool.oc1.ap-chuncheon-1.aaaaaaaa4ndiskmjy7pq7dxj4lbsot6c365hon3ehoc6ad6menkwiwylgica"
      },
      {
        "action-type": "RELATED",
        "entity-type": "cluster",
        "entity-uri": null,
        "identifier": "ocid1.cluster.oc1.ap-chuncheon-1.aaaaaaaa55n4r2psb7y2j46agsng53p3jtatmfrjqhlt7d2enc5pqnu4mrba"
      }
    ],
    "status": "FAILED",
    "time-accepted": "2026-05-06T05:45:53+00:00",
    "time-finished": "2026-05-06T05:47:14+00:00",
    "time-started": "2026-05-06T05:46:08+00:00"
  }
}
------------------------------
[22:52:31] 시도 #130 시작...
[22:54:09] 실패. 5분 후 재시도합니다...
----- 마지막 응답 (요약) -----
    "resources": [
      {
        "action-type": "FAILED",
        "entity-type": "nodepool",
        "entity-uri": null,
        "identifier": "ocid1.nodepool.oc1.ap-chuncheon-1.aaaaaaaaaceyvpqrovhhkpkaeazk4kyhovcc6dtakbalrlez7nlmlhp352ga"
      },
      {
        "action-type": "RELATED",
        "entity-type": "cluster",
        "entity-uri": null,
        "identifier": "ocid1.cluster.oc1.ap-chuncheon-1.aaaaaaaa55n4r2psb7y2j46agsng53p3jtatmfrjqhlt7d2enc5pqnu4mrba"
      }
    ],
    "status": "FAILED",
    "time-accepted": "2026-05-06T05:52:33+00:00",
    "time-finished": "2026-05-06T05:53:48+00:00",
    "time-started": "2026-05-06T05:52:43+00:00"
  }
}
------------------------------
[22:59:09] 시도 #131 시작...
[23:00:45] 실패. 5분 후 재시도합니다...
----- 마지막 응답 (요약) -----
    "resources": [
      {
        "action-type": "FAILED",
        "entity-type": "nodepool",
        "entity-uri": null,
        "identifier": "ocid1.nodepool.oc1.ap-chuncheon-1.aaaaaaaawzwi3fqhvkqxagezlrudktnr2r32b475q6peqoolrnwpxfzxjina"
      },
      {
        "action-type": "RELATED",
        "entity-type": "cluster",
        "entity-uri": null,
        "identifier": "ocid1.cluster.oc1.ap-chuncheon-1.aaaaaaaa55n4r2psb7y2j46agsng53p3jtatmfrjqhlt7d2enc5pqnu4mrba"
      }
    ],
    "status": "FAILED",
    "time-accepted": "2026-05-06T05:59:11+00:00",
    "time-finished": "2026-05-06T06:00:25+00:00",
    "time-started": "2026-05-06T05:59:20+00:00"
  }
}
------------------------------
[23:05:45] 시도 #132 시작...
[23:07:22] 실패. 5분 후 재시도합니다...
----- 마지막 응답 (요약) -----
    "resources": [
      {
        "action-type": "FAILED",
        "entity-type": "nodepool",
        "entity-uri": null,
        "identifier": "ocid1.nodepool.oc1.ap-chuncheon-1.aaaaaaaappj4aotjpd46znh5pgummllrny5vkfacisfx6u24anwr74sj3agq"
      },
      {
        "action-type": "RELATED",
        "entity-type": "cluster",
        "entity-uri": null,
        "identifier": "ocid1.cluster.oc1.ap-chuncheon-1.aaaaaaaa55n4r2psb7y2j46agsng53p3jtatmfrjqhlt7d2enc5pqnu4mrba"
      }
    ],
    "status": "FAILED",
    "time-accepted": "2026-05-06T06:05:48+00:00",
    "time-finished": "2026-05-06T06:07:04+00:00",
    "time-started": "2026-05-06T06:05:59+00:00"
  }
}
------------------------------
[23:12:22] 시도 #133 시작...
[23:13:59] 실패. 5분 후 재시도합니다...
----- 마지막 응답 (요약) -----
    "resources": [
      {
        "action-type": "FAILED",
        "entity-type": "nodepool",
        "entity-uri": null,
        "identifier": "ocid1.nodepool.oc1.ap-chuncheon-1.aaaaaaaajycllx2255n6tp6wnskuywvj2rgk2nyeiatsiqatmnctceak4z6a"
      },
      {
        "action-type": "RELATED",
        "entity-type": "cluster",
        "entity-uri": null,
        "identifier": "ocid1.cluster.oc1.ap-chuncheon-1.aaaaaaaa55n4r2psb7y2j46agsng53p3jtatmfrjqhlt7d2enc5pqnu4mrba"
      }
    ],
    "status": "FAILED",
    "time-accepted": "2026-05-06T06:12:24+00:00",
    "time-finished": "2026-05-06T06:13:44+00:00",
    "time-started": "2026-05-06T06:12:38+00:00"
  }
}
------------------------------
[23:18:59] 시도 #134 시작...
[23:20:37] 실패. 5분 후 재시도합니다...
----- 마지막 응답 (요약) -----
    "resources": [
      {
        "action-type": "FAILED",
        "entity-type": "nodepool",
        "entity-uri": null,
        "identifier": "ocid1.nodepool.oc1.ap-chuncheon-1.aaaaaaaagxjz74hjlk3zmay6n5gheyaa2wzaqoxvh3zxh5aksnm2ulreafaq"
      },
      {
        "action-type": "RELATED",
        "entity-type": "cluster",
        "entity-uri": null,
        "identifier": "ocid1.cluster.oc1.ap-chuncheon-1.aaaaaaaa55n4r2psb7y2j46agsng53p3jtatmfrjqhlt7d2enc5pqnu4mrba"
      }
    ],
    "status": "FAILED",
    "time-accepted": "2026-05-06T06:19:01+00:00",
    "time-finished": "2026-05-06T06:20:22+00:00",
    "time-started": "2026-05-06T06:19:17+00:00"
  }
}
------------------------------
[23:25:37] 시도 #135 시작...
[23:27:14] 실패. 5분 후 재시도합니다...
----- 마지막 응답 (요약) -----
    "resources": [
      {
        "action-type": "FAILED",
        "entity-type": "nodepool",
        "entity-uri": null,
        "identifier": "ocid1.nodepool.oc1.ap-chuncheon-1.aaaaaaaamxfekh2e346tyn6nhtpx7udkm3bx3rhcyu4gxd5msnfrue26ot4q"
      },
      {
        "action-type": "RELATED",
        "entity-type": "cluster",
        "entity-uri": null,
        "identifier": "ocid1.cluster.oc1.ap-chuncheon-1.aaaaaaaa55n4r2psb7y2j46agsng53p3jtatmfrjqhlt7d2enc5pqnu4mrba"
      }
    ],
    "status": "FAILED",
    "time-accepted": "2026-05-06T06:25:39+00:00",
    "time-finished": "2026-05-06T06:27:03+00:00",
    "time-started": "2026-05-06T06:25:55+00:00"
  }
}
------------------------------
[23:32:14] 시도 #136 시작...
[23:33:54] 실패. 5분 후 재시도합니다...
----- 마지막 응답 (요약) -----
    "resources": [
      {
        "action-type": "FAILED",
        "entity-type": "nodepool",
        "entity-uri": null,
        "identifier": "ocid1.nodepool.oc1.ap-chuncheon-1.aaaaaaaabo3jgxrrqpldrmtzcobrb354k4mlqxryz33imutkvnz5iwdibbyq"
      },
      {
        "action-type": "RELATED",
        "entity-type": "cluster",
        "entity-uri": null,
        "identifier": "ocid1.cluster.oc1.ap-chuncheon-1.aaaaaaaa55n4r2psb7y2j46agsng53p3jtatmfrjqhlt7d2enc5pqnu4mrba"
      }
    ],
    "status": "FAILED",
    "time-accepted": "2026-05-06T06:32:17+00:00",
    "time-finished": "2026-05-06T06:33:37+00:00",
    "time-started": "2026-05-06T06:32:33+00:00"
  }
}
------------------------------
[23:38:54] 시도 #137 시작...
[23:40:33] 실패. 5분 후 재시도합니다...
----- 마지막 응답 (요약) -----
    "resources": [
      {
        "action-type": "FAILED",
        "entity-type": "nodepool",
        "entity-uri": null,
        "identifier": "ocid1.nodepool.oc1.ap-chuncheon-1.aaaaaaaaxtexyudbtnkapyd43ib2hqpnutxip7vk5lgmofg5nncfldthsbia"
      },
      {
        "action-type": "RELATED",
        "entity-type": "cluster",
        "entity-uri": null,
        "identifier": "ocid1.cluster.oc1.ap-chuncheon-1.aaaaaaaa55n4r2psb7y2j46agsng53p3jtatmfrjqhlt7d2enc5pqnu4mrba"
      }
    ],
    "status": "FAILED",
    "time-accepted": "2026-05-06T06:38:56+00:00",
    "time-finished": "2026-05-06T06:40:14+00:00",
    "time-started": "2026-05-06T06:39:09+00:00"
  }
}
------------------------------
[23:45:33] 시도 #138 시작...
[23:47:11] 실패. 5분 후 재시도합니다...
----- 마지막 응답 (요약) -----
    "resources": [
      {
        "action-type": "FAILED",
        "entity-type": "nodepool",
        "entity-uri": null,
        "identifier": "ocid1.nodepool.oc1.ap-chuncheon-1.aaaaaaaae5kieyvmhnlxnok3eu5emfxpy5zjiluypgvq6ocfnn3cuslrvt3a"
      },
      {
        "action-type": "RELATED",
        "entity-type": "cluster",
        "entity-uri": null,
        "identifier": "ocid1.cluster.oc1.ap-chuncheon-1.aaaaaaaa55n4r2psb7y2j46agsng53p3jtatmfrjqhlt7d2enc5pqnu4mrba"
      }
    ],
    "status": "FAILED",
    "time-accepted": "2026-05-06T06:45:36+00:00",
    "time-finished": "2026-05-06T06:46:52+00:00",
    "time-started": "2026-05-06T06:45:47+00:00"
  }
}
------------------------------
[23:52:11] 시도 #139 시작...
[23:53:49] 실패. 5분 후 재시도합니다...
----- 마지막 응답 (요약) -----
    "resources": [
      {
        "action-type": "FAILED",
        "entity-type": "nodepool",
        "entity-uri": null,
        "identifier": "ocid1.nodepool.oc1.ap-chuncheon-1.aaaaaaaa2pbyl5kb2yh23sk3h2hposoot2wxlk67jjetglaytn25ekktunpa"
      },
      {
        "action-type": "RELATED",
        "entity-type": "cluster",
        "entity-uri": null,
        "identifier": "ocid1.cluster.oc1.ap-chuncheon-1.aaaaaaaa55n4r2psb7y2j46agsng53p3jtatmfrjqhlt7d2enc5pqnu4mrba"
      }
    ],
    "status": "FAILED",
    "time-accepted": "2026-05-06T06:52:13+00:00",
    "time-finished": "2026-05-06T06:53:29+00:00",
    "time-started": "2026-05-06T06:52:24+00:00"
  }
}
------------------------------
[23:58:49] 시도 #140 시작...
[00:00:27] 실패. 5분 후 재시도합니다...
----- 마지막 응답 (요약) -----
    "resources": [
      {
        "action-type": "FAILED",
        "entity-type": "nodepool",
        "entity-uri": null,
        "identifier": "ocid1.nodepool.oc1.ap-chuncheon-1.aaaaaaaaf4vz4kyxmzikoogbv7gxaphc6chgzblyuoofjltkynwkkvezr3tq"
      },
      {
        "action-type": "RELATED",
        "entity-type": "cluster",
        "entity-uri": null,
        "identifier": "ocid1.cluster.oc1.ap-chuncheon-1.aaaaaaaa55n4r2psb7y2j46agsng53p3jtatmfrjqhlt7d2enc5pqnu4mrba"
      }
    ],
    "status": "FAILED",
    "time-accepted": "2026-05-06T06:58:51+00:00",
    "time-finished": "2026-05-06T07:00:08+00:00",
    "time-started": "2026-05-06T06:59:03+00:00"
  }
}
------------------------------
[00:05:27] 시도 #141 시작...
[00:07:03] 실패. 5분 후 재시도합니다...
----- 마지막 응답 (요약) -----
    "resources": [
      {
        "action-type": "FAILED",
        "entity-type": "nodepool",
        "entity-uri": null,
        "identifier": "ocid1.nodepool.oc1.ap-chuncheon-1.aaaaaaaalt37efg22glkpjysaudtsbpxtcu3mvicmypbj3qi3nxxlqkiw3tq"
      },
      {
        "action-type": "RELATED",
        "entity-type": "cluster",
        "entity-uri": null,
        "identifier": "ocid1.cluster.oc1.ap-chuncheon-1.aaaaaaaa55n4r2psb7y2j46agsng53p3jtatmfrjqhlt7d2enc5pqnu4mrba"
      }
    ],
    "status": "FAILED",
    "time-accepted": "2026-05-06T07:05:29+00:00",
    "time-finished": "2026-05-06T07:06:46+00:00",
    "time-started": "2026-05-06T07:05:41+00:00"
  }
}
------------------------------
[00:12:03] 시도 #142 시작...
[00:13:41] 실패. 5분 후 재시도합니다...
----- 마지막 응답 (요약) -----
    "resources": [
      {
        "action-type": "FAILED",
        "entity-type": "nodepool",
        "entity-uri": null,
        "identifier": "ocid1.nodepool.oc1.ap-chuncheon-1.aaaaaaaamuo2bucx6agnyn5plrcyzwfk2e6t4mhqjf3qmo73onypkeklf4na"
      },
      {
        "action-type": "RELATED",
        "entity-type": "cluster",
        "entity-uri": null,
        "identifier": "ocid1.cluster.oc1.ap-chuncheon-1.aaaaaaaa55n4r2psb7y2j46agsng53p3jtatmfrjqhlt7d2enc5pqnu4mrba"
      }
    ],
    "status": "FAILED",
    "time-accepted": "2026-05-06T07:12:05+00:00",
    "time-finished": "2026-05-06T07:13:25+00:00",
    "time-started": "2026-05-06T07:12:20+00:00"
  }
}
------------------------------
[00:18:41] 시도 #143 시작...
[00:20:18] 실패. 5분 후 재시도합니다...
----- 마지막 응답 (요약) -----
    "resources": [
      {
        "action-type": "FAILED",
        "entity-type": "nodepool",
        "entity-uri": null,
        "identifier": "ocid1.nodepool.oc1.ap-chuncheon-1.aaaaaaaag6kf35572nwhjdz55yg4ktj3sy2hysmjadwt25wrtnq6kdfn5deq"
      },
      {
        "action-type": "RELATED",
        "entity-type": "cluster",
        "entity-uri": null,
        "identifier": "ocid1.cluster.oc1.ap-chuncheon-1.aaaaaaaa55n4r2psb7y2j46agsng53p3jtatmfrjqhlt7d2enc5pqnu4mrba"
      }
    ],
    "status": "FAILED",
    "time-accepted": "2026-05-06T07:18:43+00:00",
    "time-finished": "2026-05-06T07:20:03+00:00",
    "time-started": "2026-05-06T07:18:58+00:00"
  }
}
------------------------------
[00:25:18] 시도 #144 시작...
[00:26:57] 실패. 5분 후 재시도합니다...
----- 마지막 응답 (요약) -----
    "resources": [
      {
        "action-type": "FAILED",
        "entity-type": "nodepool",
        "entity-uri": null,
        "identifier": "ocid1.nodepool.oc1.ap-chuncheon-1.aaaaaaaa6q2o5sgrhq7m2lsg6dzggh3ksimxbonavrgrsmuwnnoczs6bbgyq"
      },
      {
        "action-type": "RELATED",
        "entity-type": "cluster",
        "entity-uri": null,
        "identifier": "ocid1.cluster.oc1.ap-chuncheon-1.aaaaaaaa55n4r2psb7y2j46agsng53p3jtatmfrjqhlt7d2enc5pqnu4mrba"
      }
    ],
    "status": "FAILED",
    "time-accepted": "2026-05-06T07:25:20+00:00",
    "time-finished": "2026-05-06T07:26:42+00:00",
    "time-started": "2026-05-06T07:25:37+00:00"
  }
}
------------------------------
[00:31:57] 시도 #145 시작...
[00:33:33] 실패. 5분 후 재시도합니다...
----- 마지막 응답 (요약) -----
    "resources": [
      {
        "action-type": "FAILED",
        "entity-type": "nodepool",
        "entity-uri": null,
        "identifier": "ocid1.nodepool.oc1.ap-chuncheon-1.aaaaaaaa6c3xw3p4dle3ea4louczhmtjvzkdblaficukcef26nrppie3apia"
      },
      {
        "action-type": "RELATED",
        "entity-type": "cluster",
        "entity-uri": null,
        "identifier": "ocid1.cluster.oc1.ap-chuncheon-1.aaaaaaaa55n4r2psb7y2j46agsng53p3jtatmfrjqhlt7d2enc5pqnu4mrba"
      }
    ],
    "status": "FAILED",
    "time-accepted": "2026-05-06T07:31:59+00:00",
    "time-finished": "2026-05-06T07:33:22+00:00",
    "time-started": "2026-05-06T07:32:17+00:00"
  }
}
------------------------------
[00:38:33] 시도 #146 시작...
[00:40:11] 실패. 5분 후 재시도합니다...
----- 마지막 응답 (요약) -----
    "resources": [
      {
        "action-type": "FAILED",
        "entity-type": "nodepool",
        "entity-uri": null,
        "identifier": "ocid1.nodepool.oc1.ap-chuncheon-1.aaaaaaaabb2ozr5kbxmqrndp34f44pqsy7fbhgdiordpwoao5neh3mkg2laq"
      },
      {
        "action-type": "RELATED",
        "entity-type": "cluster",
        "entity-uri": null,
        "identifier": "ocid1.cluster.oc1.ap-chuncheon-1.aaaaaaaa55n4r2psb7y2j46agsng53p3jtatmfrjqhlt7d2enc5pqnu4mrba"
      }
    ],
    "status": "FAILED",
    "time-accepted": "2026-05-06T07:38:35+00:00",
    "time-finished": "2026-05-06T07:39:45+00:00",
    "time-started": "2026-05-06T07:38:40+00:00"
  }
}
------------------------------
[00:45:11] 시도 #147 시작...
[00:46:48] 실패. 5분 후 재시도합니다...
----- 마지막 응답 (요약) -----
    "resources": [
      {
        "action-type": "FAILED",
        "entity-type": "nodepool",
        "entity-uri": null,
        "identifier": "ocid1.nodepool.oc1.ap-chuncheon-1.aaaaaaaavnk3p7yjnwxfxgubl6srpivw4yntz2mbepiwhh6b4nyru2vplata"
      },
      {
        "action-type": "RELATED",
        "entity-type": "cluster",
        "entity-uri": null,
        "identifier": "ocid1.cluster.oc1.ap-chuncheon-1.aaaaaaaa55n4r2psb7y2j46agsng53p3jtatmfrjqhlt7d2enc5pqnu4mrba"
      }
    ],
    "status": "FAILED",
    "time-accepted": "2026-05-06T07:45:13+00:00",
    "time-finished": "2026-05-06T07:46:20+00:00",
    "time-started": "2026-05-06T07:45:15+00:00"
  }
}
------------------------------
[00:51:48] 시도 #148 시작...
[00:53:26] 실패. 5분 후 재시도합니다...
----- 마지막 응답 (요약) -----
    "resources": [
      {
        "action-type": "FAILED",
        "entity-type": "nodepool",
        "entity-uri": null,
        "identifier": "ocid1.nodepool.oc1.ap-chuncheon-1.aaaaaaaamvkawur5egccefliwgcuckygdogqlbeu7ndr6ikktnnk3h3sfz7a"
      },
      {
        "action-type": "RELATED",
        "entity-type": "cluster",
        "entity-uri": null,
        "identifier": "ocid1.cluster.oc1.ap-chuncheon-1.aaaaaaaa55n4r2psb7y2j46agsng53p3jtatmfrjqhlt7d2enc5pqnu4mrba"
      }
    ],
    "status": "FAILED",
    "time-accepted": "2026-05-06T07:51:49+00:00",
    "time-finished": "2026-05-06T07:52:57+00:00",
    "time-started": "2026-05-06T07:51:53+00:00"
  }
}
------------------------------
[00:58:26] 시도 #149 시작...
[01:00:05] 실패. 5분 후 재시도합니다...
----- 마지막 응답 (요약) -----
    "resources": [
      {
        "action-type": "FAILED",
        "entity-type": "nodepool",
        "entity-uri": null,
        "identifier": "ocid1.nodepool.oc1.ap-chuncheon-1.aaaaaaaavxpt763t7nm272ylc5fj6wfcvwizlo4nimapelbopn5duytse7jq"
      },
      {
        "action-type": "RELATED",
        "entity-type": "cluster",
        "entity-uri": null,
        "identifier": "ocid1.cluster.oc1.ap-chuncheon-1.aaaaaaaa55n4r2psb7y2j46agsng53p3jtatmfrjqhlt7d2enc5pqnu4mrba"
      }
    ],
    "status": "FAILED",
    "time-accepted": "2026-05-06T07:58:28+00:00",
    "time-finished": "2026-05-06T07:59:35+00:00",
    "time-started": "2026-05-06T07:58:30+00:00"
  }
}
------------------------------
[01:05:05] 시도 #150 시작...
[01:06:44] 실패. 5분 후 재시도합니다...
----- 마지막 응답 (요약) -----
    "resources": [
      {
        "action-type": "FAILED",
        "entity-type": "nodepool",
        "entity-uri": null,
        "identifier": "ocid1.nodepool.oc1.ap-chuncheon-1.aaaaaaaa36d5nx5qzer23rlwftt6penhtalivrtv4peiacmt2nnmbuq3mvxq"
      },
      {
        "action-type": "RELATED",
        "entity-type": "cluster",
        "entity-uri": null,
        "identifier": "ocid1.cluster.oc1.ap-chuncheon-1.aaaaaaaa55n4r2psb7y2j46agsng53p3jtatmfrjqhlt7d2enc5pqnu4mrba"
      }
    ],
    "status": "FAILED",
    "time-accepted": "2026-05-06T08:05:07+00:00",
    "time-finished": "2026-05-06T08:06:27+00:00",
    "time-started": "2026-05-06T08:05:22+00:00"
  }
}
------------------------------
[01:11:44] 시도 #151 시작...
[01:13:23] 실패. 5분 후 재시도합니다...
----- 마지막 응답 (요약) -----
    "resources": [
      {
        "action-type": "FAILED",
        "entity-type": "nodepool",
        "entity-uri": null,
        "identifier": "ocid1.nodepool.oc1.ap-chuncheon-1.aaaaaaaaduip5mxriv2pnmaonmvcgrtfi4emvjejyhnqcfz7bnmezgd325vq"
      },
      {
        "action-type": "RELATED",
        "entity-type": "cluster",
        "entity-uri": null,
        "identifier": "ocid1.cluster.oc1.ap-chuncheon-1.aaaaaaaa55n4r2psb7y2j46agsng53p3jtatmfrjqhlt7d2enc5pqnu4mrba"
      }
    ],
    "status": "FAILED",
    "time-accepted": "2026-05-06T08:11:46+00:00",
    "time-finished": "2026-05-06T08:13:06+00:00",
    "time-started": "2026-05-06T08:12:01+00:00"
  }
}
------------------------------
[01:18:23] 시도 #152 시작...
[01:20:00] 실패. 5분 후 재시도합니다...
----- 마지막 응답 (요약) -----
    "resources": [
      {
        "action-type": "FAILED",
        "entity-type": "nodepool",
        "entity-uri": null,
        "identifier": "ocid1.nodepool.oc1.ap-chuncheon-1.aaaaaaaaofcx4r2awfmt46hzf3yfywytwu3iwjoh3nn3yqc7ynjvqg7trkrq"
      },
      {
        "action-type": "RELATED",
        "entity-type": "cluster",
        "entity-uri": null,
        "identifier": "ocid1.cluster.oc1.ap-chuncheon-1.aaaaaaaa55n4r2psb7y2j46agsng53p3jtatmfrjqhlt7d2enc5pqnu4mrba"
      }
    ],
    "status": "FAILED",
    "time-accepted": "2026-05-06T08:18:25+00:00",
    "time-finished": "2026-05-06T08:19:42+00:00",
    "time-started": "2026-05-06T08:18:37+00:00"
  }
}
------------------------------
[01:25:00] 시도 #153 시작...
[01:26:39] 실패. 5분 후 재시도합니다...
----- 마지막 응답 (요약) -----
    "resources": [
      {
        "action-type": "FAILED",
        "entity-type": "nodepool",
        "entity-uri": null,
        "identifier": "ocid1.nodepool.oc1.ap-chuncheon-1.aaaaaaaab6abomvl4bnjpgfkcquqth2fwjvgiqnjphl5x6vganfv7tcfvxca"
      },
      {
        "action-type": "RELATED",
        "entity-type": "cluster",
        "entity-uri": null,
        "identifier": "ocid1.cluster.oc1.ap-chuncheon-1.aaaaaaaa55n4r2psb7y2j46agsng53p3jtatmfrjqhlt7d2enc5pqnu4mrba"
      }
    ],
    "status": "FAILED",
    "time-accepted": "2026-05-06T08:25:03+00:00",
    "time-finished": "2026-05-06T08:26:21+00:00",
    "time-started": "2026-05-06T08:25:16+00:00"
  }
}
------------------------------
[01:31:39] 시도 #154 시작...
[01:33:17] 실패. 5분 후 재시도합니다...
----- 마지막 응답 (요약) -----
    "resources": [
      {
        "action-type": "FAILED",
        "entity-type": "nodepool",
        "entity-uri": null,
        "identifier": "ocid1.nodepool.oc1.ap-chuncheon-1.aaaaaaaahljg5q6ixujiwrlvp3coioudci7r7nmozopebo4vony4z4ytlqyq"
      },
      {
        "action-type": "RELATED",
        "entity-type": "cluster",
        "entity-uri": null,
        "identifier": "ocid1.cluster.oc1.ap-chuncheon-1.aaaaaaaa55n4r2psb7y2j46agsng53p3jtatmfrjqhlt7d2enc5pqnu4mrba"
      }
    ],
    "status": "FAILED",
    "time-accepted": "2026-05-06T08:31:41+00:00",
    "time-finished": "2026-05-06T08:33:00+00:00",
    "time-started": "2026-05-06T08:31:55+00:00"
  }
}
------------------------------
[01:38:17] 시도 #155 시작...
[01:39:54] 실패. 5분 후 재시도합니다...
----- 마지막 응답 (요약) -----
    "resources": [
      {
        "action-type": "FAILED",
        "entity-type": "nodepool",
        "entity-uri": null,
        "identifier": "ocid1.nodepool.oc1.ap-chuncheon-1.aaaaaaaao265tg3uptyqzu6f2ra4tbdybyyvasmhkqystdg37ngcdxk7nyfq"
      },
      {
        "action-type": "RELATED",
        "entity-type": "cluster",
        "entity-uri": null,
        "identifier": "ocid1.cluster.oc1.ap-chuncheon-1.aaaaaaaa55n4r2psb7y2j46agsng53p3jtatmfrjqhlt7d2enc5pqnu4mrba"
      }
    ],
    "status": "FAILED",
    "time-accepted": "2026-05-06T08:38:19+00:00",
    "time-finished": "2026-05-06T08:39:39+00:00",
    "time-started": "2026-05-06T08:38:34+00:00"
  }
}
------------------------------
[01:44:54] 시도 #156 시작...
[01:46:30] 실패. 5분 후 재시도합니다...
----- 마지막 응답 (요약) -----
    "resources": [
      {
        "action-type": "FAILED",
        "entity-type": "nodepool",
        "entity-uri": null,
        "identifier": "ocid1.nodepool.oc1.ap-chuncheon-1.aaaaaaaag6vo3ulb6qm7idk22xanpufvm4wwlnb3ph756wtf4n6q65vzd3gq"
      },
      {
        "action-type": "RELATED",
        "entity-type": "cluster",
        "entity-uri": null,
        "identifier": "ocid1.cluster.oc1.ap-chuncheon-1.aaaaaaaa55n4r2psb7y2j46agsng53p3jtatmfrjqhlt7d2enc5pqnu4mrba"
      }
    ],
    "status": "FAILED",
    "time-accepted": "2026-05-06T08:44:56+00:00",
    "time-finished": "2026-05-06T08:46:16+00:00",
    "time-started": "2026-05-06T08:45:11+00:00"
  }
}
------------------------------
